Date,Buying
2012-01-01,162.40087499999998
2012-01-02,162.40087499999998
2012-01-03,162.2187
2012-01-04,163.1291
2012-01-05,162.2739
2012-01-06,161.9818
2012-01-07,162.40087499999998
2012-01-08,162.40087499999998
2012-01-09,161.9818
2012-01-10,162.346675
2012-01-11,162.6537
2012-01-12,161.9949
2012-01-13,162.7563
2012-01-14,162.346675
2012-01-15,162.346675
2012-01-16,163.165875
2012-01-17,161.9818
2012-01-18,162.5774
2012-01-19,163.6695
2012-01-20,164.4348
2012-01-21,163.165875
2012-01-22,163.165875
2012-01-23,164.0942
2012-01-24,164.7992
2012-01-25,165.0285
2012-01-26,165.6193
2012-01-27,165.8302
2012-01-28,165.07428
2012-01-29,165.07428
2012-01-30,166.4606
2012-01-31,165.7519
2012-02-01,165.4834
2012-02-02,166.334
2012-02-03,166.2328
2012-02-04,166.05254
2012-02-05,166.05254
2012-02-06,166.4104
2012-02-07,166.3204
2012-02-08,166.4606
2012-02-09,166.3628
2012-02-10,166.4606
2012-02-11,166.40296
2012-02-12,166.40296
2012-02-13,165.5359
2012-02-14,165.5461
2012-02-15,165.0394
2012-02-16,164.5249
2012-02-17,165.0657
2012-02-18,165.1424
2012-02-19,165.1424
2012-02-20,165.4088
2012-02-21,166.0343
2012-02-22,165.7729
2012-02-23,165.7325
2012-02-24,166.4606
2012-02-25,165.88182
2012-02-26,165.88182
2012-02-27,166.4606
2012-02-28,166.0943
2012-02-29,166.4606
2012-03-01,165.3928
2012-03-02,165.6171
2012-03-03,166.00508
2012-03-04,166.00508
2012-03-05,164.446075
2012-03-06,164.734
2012-03-07,163.7449
2012-03-08,164.1229
2012-03-09,165.1825
2012-03-10,164.446075
2012-03-11,164.446075
2012-03-12,163.8119
2012-03-13,164.0626
2012-03-14,163.7167
2012-03-15,163.0771
2012-03-16,163.5541
2012-03-17,163.64448
2012-03-18,163.64448
2012-03-19,164.3792
2012-03-20,164.9385
2012-03-21,164.6898
2012-03-22,164.5889
2012-03-23,164.3381
2012-03-24,164.58689999999999
2012-03-25,164.58689999999999
2012-03-26,164.8936
2012-03-27,165.7804
2012-03-28,165.4332
2012-03-29,165.2707
2012-03-30,165.1964
2012-03-31,165.31486
2012-04-01,165.31486
2012-04-02,165.6284
2012-04-03,165.5172
2012-04-04,164.6879
2012-04-05,163.9411
2012-04-06,164.94365
2012-04-07,164.94365
2012-04-08,164.94365
2012-04-09,163.68665
2012-04-10,163.6704
2012-04-11,163.3037
2012-04-12,163.512
2012-04-13,164.2605
2012-04-14,163.68665
2012-04-15,163.68665
2012-04-16,163.2911
2012-04-17,163.7921
2012-04-18,163.9104
2012-04-19,163.964
2012-04-20,164.2223
2012-04-21,163.83598
2012-04-22,163.83598
2012-04-23,164.7031
2012-04-24,164.32
2012-04-25,164.6723
2012-04-26,164.8957
2012-04-27,164.9244
2012-04-28,164.7031
2012-04-29,164.7031
2012-04-30,165.2072
2012-05-01,164.875175
2012-05-02,165.1302
2012-05-03,164.6258
2012-05-04,164.5375
2012-05-05,164.875175
2012-05-06,164.875175
2012-05-07,247.5
2012-05-08,250.3364
2012-05-09,252.978
2012-05-10,254.3515
2012-05-11,254.1433
2012-05-12,251.86183999999997
2012-05-13,251.86183999999997
2012-05-14,259.25955
2012-05-15,257.5104
2012-05-16,259.2331
2012-05-17,259.6053
2012-05-18,260.6894
2012-05-19,259.25955
2012-05-20,259.25955
2012-05-21,261.3257
2012-05-22,261.2812
2012-05-23,262.5876
2012-05-24,263.1515
2012-05-25,264.2834
2012-05-26,262.52588000000003
2012-05-27,262.52588000000003
2012-05-28,265.1495
2012-05-29,265.4981
2012-05-30,265.9774
2012-05-31,266.7872
2012-06-01,267.3559
2012-06-02,266.15362
2012-06-03,266.15362
2012-06-04,266.475
2012-06-05,266.4624
2012-06-06,267.2824
2012-06-07,267.3786
2012-06-08,267.2011
2012-06-09,266.9599
2012-06-10,266.9599
2012-06-11,267.3074
2012-06-12,267.6881
2012-06-13,267.5169
2012-06-14,267.7303
2012-06-15,267.7074
2012-06-16,267.59002
2012-06-17,267.59002
2012-06-18,268.0416
2012-06-19,268.148
2012-06-20,268.221
2012-06-21,268.3341
2012-06-22,268.2455
2012-06-23,268.19804
2012-06-24,268.19804
2012-06-25,268.5001
2012-06-26,268.7093
2012-06-27,268.8288
2012-06-28,269.484
2012-06-29,269.6533
2012-06-30,269.03509999999994
2012-07-01,269.03509999999994
2012-07-02,270.1382
2012-07-03,270.1648
2012-07-04,270.7082
2012-07-05,270.5478
2012-07-06,270.38975
2012-07-07,270.38975
2012-07-08,270.38975
2012-07-09,270.7113
2012-07-10,270.7873
2012-07-11,271.1026
2012-07-12,271.3395
2012-07-13,271.3758
2012-07-14,271.06329999999997
2012-07-15,271.06329999999997
2012-07-16,271.4619
2012-07-17,271.5168
2012-07-18,271.6869
2012-07-19,271.696
2012-07-20,271.8207
2012-07-21,271.63646
2012-07-22,271.63646
2012-07-23,272.0304
2012-07-24,272.1809
2012-07-25,272.2977
2012-07-26,272.3509
2012-07-27,272.3034
2012-07-28,272.23266
2012-07-29,272.23266
2012-07-30,272.5054
2012-07-31,272.4782
2012-08-01,272.6326
2012-08-02,272.6345
2012-08-03,272.7975
2012-08-04,272.60964
2012-08-05,272.60964
2012-08-06,271.6925
2012-08-07,272.6626
2012-08-08,272.6554
2012-08-09,272.6451
2012-08-10,272.7015
2012-08-11,272.47141999999997
2012-08-12,272.47141999999997
2012-08-13,272.672
2012-08-14,272.7007
2012-08-15,272.8673
2012-08-16,273.0341
2012-08-17,273.2097
2012-08-18,272.89676
2012-08-19,272.89676
2012-08-20,274.3026
2012-08-21,273.6787
2012-08-22,274.3431
2012-08-23,274.5366
2012-08-24,274.652
2012-08-25,274.3026
2012-08-26,274.3026
2012-08-27,275.0954
2012-08-28,275.8586
2012-08-29,277.2261
2012-08-30,277.9472
2012-08-31,278.1929
2012-09-01,276.86404000000005
2012-09-02,276.86404000000005
2012-09-03,278.982
2012-09-04,280.3523
2012-09-05,281.5257
2012-09-06,283.7637
2012-09-07,285.4665
2012-09-08,282.01804000000004
2012-09-09,282.01804000000004
2012-09-10,286.5529
2012-09-11,287.048
2012-09-12,287.6144
2012-09-13,288.204
2012-09-14,289.7625
2012-09-15,287.83636
2012-09-16,287.83636
2012-09-17,290.5336
2012-09-18,290.9539
2012-09-19,291.6208
2012-09-20,292.3953
2012-09-21,292.8422
2012-09-22,291.66916000000003
2012-09-23,291.66916000000003
2012-09-24,293.2567
2012-09-25,293.6509
2012-09-26,293.9606
2012-09-27,294.3443
2012-09-28,295.9816
2012-09-29,294.23882
2012-09-30,294.23882
2012-10-01,298.385
2012-10-02,300.9057
2012-10-03,301.8105
2012-10-04,302.776
2012-10-05,303.6165
2012-10-06,301.49874
2012-10-07,301.49874
2012-10-08,304.1116
2012-10-09,304.6991
2012-10-10,305.3587
2012-10-11,305.5391
2012-10-12,306.0097
2012-10-13,305.14364
2012-10-14,305.14364
2012-10-15,307.723675
2012-10-16,306.8831
2012-10-17,307.6855
2012-10-18,307.9586
2012-10-19,308.3675
2012-10-20,307.723675
2012-10-21,307.723675
2012-10-22,308.6813
2012-10-23,309.0824
2012-10-24,309.6064
2012-10-25,309.7668
2012-10-26,309.9401
2012-10-27,309.4154
2012-10-28,309.4154
2012-10-29,310.3249
2012-10-30,310.8625
2012-10-31,311.1886
2012-11-01,311.3298
2012-11-02,311.6532
2012-11-03,311.0718
2012-11-04,311.0718
2012-11-05,312.1192
2012-11-06,314.1187
2012-11-07,314.7287
2012-11-08,317.2369
2012-11-09,317.9697
2012-11-10,315.23464
2012-11-11,315.23464
2012-11-12,320.4209
2012-11-13,320.7484
2012-11-14,320.8071
2012-11-15,320.44
2012-11-16,320.1851
2012-11-17,320.5203
2012-11-18,320.5203
2012-11-19,320.3426
2012-11-20,320.4283
2012-11-21,320.6414
2012-11-22,321.0895
2012-11-23,321.4345
2012-11-24,320.78725999999995
2012-11-25,320.78725999999995
2012-11-26,321.7923
2012-11-27,322.6047
2012-11-28,322.7329
2012-11-29,322.9102
2012-11-30,322.8045
2012-12-01,322.56892
2012-12-02,322.56892
2012-12-03,322.9652
2012-12-04,323.6078
2012-12-05,323.6876
2012-12-06,323.9091
2012-12-07,324.2504
2012-12-08,323.68402000000003
2012-12-09,323.68402000000003
2012-12-10,324.8045
2012-12-11,325.5811
2012-12-12,326.6418
2012-12-13,326.6111
2012-12-14,327.0866
2012-12-15,326.14502000000005
2012-12-16,326.14502000000005
2012-12-17,328.0329
2012-12-18,328.1429
2012-12-19,328.5492
2012-12-20,329.2643
2012-12-21,329.367
2012-12-22,328.67125999999996
2012-12-23,328.67125999999996
2012-12-24,329.8809
2012-12-25,330.8487
2012-12-26,330.8487
2012-12-27,330.2359
2012-12-28,331.5026
2012-12-29,330.8487
2012-12-30,330.8487
2012-12-31,331.7754
2013-01-01,332.6458
2013-01-02,332.045
2013-01-03,332.1915
2013-01-04,333.7009
2013-01-05,332.6458
2013-01-06,332.6458
2013-01-07,335.4931
2013-01-08,336.8186
2013-01-09,340.0455
2013-01-10,341.5461
2013-01-11,341.7592
2013-01-12,339.13250000000005
2013-01-13,339.13250000000005
2013-01-14,341.9408
2013-01-15,342.68245
2013-01-16,342.4431
2013-01-17,342.9303
2013-01-18,343.4156
2013-01-19,342.68245
2013-01-20,342.68245
2013-01-21,343.9423
2013-01-22,344.0596
2013-01-23,344.307
2013-01-24,344.3917
2013-01-25,345.1926
2013-01-26,344.37864
2013-01-27,344.37864
2013-01-28,346.9561
2013-01-29,347.6819
2013-01-30,348.5623
2013-01-31,349.0828
2013-02-01,349.9694
2013-02-02,348.45050000000003
2013-02-03,348.45050000000003
2013-02-04,350.783
2013-02-05,351.4497
2013-02-06,352.3044
2013-02-07,352.9864
2013-02-08,352.8636
2013-02-09,352.07741999999996
2013-02-10,352.07741999999996
2013-02-11,353.678
2013-02-12,354.2517
2013-02-13,353.9101
2013-02-14,354.4149
2013-02-15,354.8275
2013-02-16,354.21644000000003
2013-02-17,354.21644000000003
2013-02-18,355.091
2013-02-19,355.3962
2013-02-20,356.5727
2013-02-21,358.5242
2013-02-22,358.2324
2013-02-23,356.76329999999996
2013-02-24,356.76329999999996
2013-02-25,360.5036
2013-02-26,370.2754
2013-02-27,373.4393
2013-02-28,373.7259
2013-03-01,375.3213
2013-03-02,370.6531
2013-03-03,370.6531
2013-03-04,376.184975
2013-03-05,375.8189
2013-03-06,376.0684
2013-03-07,376.3432
2013-03-08,376.5094
2013-03-09,376.184975
2013-03-10,376.184975
2013-03-11,377.0307
2013-03-12,377.4072
2013-03-13,377.9406
2013-03-14,378.6001
2013-03-15,379.4647
2013-03-16,378.08866
2013-03-17,378.08866
2013-03-18,380.2855
2013-03-19,382.0305
2013-03-20,386.369
2013-03-21,392.7263
2013-03-22,396.5291
2013-03-23,387.58808
2013-03-24,387.58808
2013-03-25,398.8263
2013-03-26,400.1284
2013-03-27,400.187
2013-03-28,401.1297
2013-03-29,400.06785
2013-03-30,400.06785
2013-03-31,400.06785
2013-04-01,404.257025
2013-04-02,402.8778
2013-04-03,404.0733
2013-04-04,404.4752
2013-04-05,405.6018
2013-04-06,404.257025
2013-04-07,404.257025
2013-04-08,405.5436
2013-04-09,406.6524
2013-04-10,407.3129
2013-04-11,407.5418
2013-04-12,407.6048
2013-04-13,406.9311
2013-04-14,406.9311
2013-04-15,407.6368
2013-04-16,407.6448
2013-04-17,407.8114
2013-04-18,408.0121
2013-04-19,408.0865
2013-04-20,407.83831999999995
2013-04-21,407.83831999999995
2013-04-22,407.8666
2013-04-23,408.0422
2013-04-24,407.1935
2013-04-25,405.8305
2013-04-26,401.6987
2013-04-27,406.1263
2013-04-28,406.1263
2013-04-29,396.5252
2013-04-30,392.752
2013-05-01,389.4689
2013-05-02,389.3924
2013-05-03,379.206
2013-05-04,389.4689
2013-05-05,389.4689
2013-05-06,375.5428
2013-05-07,372.3378
2013-05-08,366.0254
2013-05-09,357.8278
2013-05-10,353.1204
2013-05-11,364.97084
2013-05-12,364.97084
2013-05-13,351.8791
2013-05-14,347.2941
2013-05-15,348.1798
2013-05-16,345.5759
2013-05-17,343.5416
2013-05-18,347.2941
2013-05-19,347.2941
2013-05-20,340.7902
2013-05-21,336.6181
2013-05-22,332.3236
2013-05-23,325.8341
2013-05-24,320.5152
2013-05-25,331.21624
2013-05-26,331.21624
2013-05-27,318.2332
2013-05-28,318.4268
2013-05-29,318.3362
2013-05-30,318.5554
2013-05-31,318.3547
2013-06-01,318.38126
2013-06-02,318.38126
2013-06-03,317.5563
2013-06-04,317.5861
2013-06-05,317.6794
2013-06-06,317.6602
2013-06-07,317.2925
2013-06-08,317.5549
2013-06-09,317.5549
2013-06-10,317.283
2013-06-11,317.3774
2013-06-12,317.3276
2013-06-13,317.4897
2013-06-14,318.2235
2013-06-15,317.54024
2013-06-16,317.54024
2013-06-17,318.4202
2013-06-18,319.6148
2013-06-19,321.6358
2013-06-20,322.1513
2013-06-21,322.7312
2013-06-22,320.91066
2013-06-23,320.91066
2013-06-24,323.8406
2013-06-25,324.2888
2013-06-26,324.8895
2013-06-27,325.1769
2013-06-28,325.4233
2013-06-29,324.72382
2013-06-30,324.72382
2013-07-01,325.4601
2013-07-02,324.9644
2013-07-03,324.7075
2013-07-04,324.4158
2013-07-05,323.8006
2013-07-06,324.66967999999997
2013-07-07,324.66967999999997
2013-07-08,322.928125
2013-07-09,323.0014
2013-07-10,323.3168
2013-07-11,322.597
2013-07-12,322.7973
2013-07-13,322.928125
2013-07-14,322.928125
2013-07-15,322.5592
2013-07-16,322.4174
2013-07-17,321.5082
2013-07-18,321.455
2013-07-19,321.431
2013-07-20,321.87415999999996
2013-07-21,321.87415999999996
2013-07-22,321.8959
2013-07-23,322.1573
2013-07-24,322.1601
2013-07-25,321.8805
2013-07-26,321.9202
2013-07-27,322.00280000000004
2013-07-28,322.00280000000004
2013-07-29,321.9325
2013-07-30,322.0756
2013-07-31,322.5312
2013-08-01,322.2544
2013-08-02,322.3648
2013-08-03,322.2317
2013-08-04,322.2317
2013-08-05,322.3873
2013-08-06,322.3374
2013-08-07,322.3374
2013-08-08,322.3834
2013-08-09,322.361375
2013-08-10,322.361375
2013-08-11,322.361375
2013-08-12,322.2127
2013-08-13,322.4627
2013-08-14,322.6441
2013-08-15,323.5747
2013-08-16,324.3136
2013-08-17,323.04156
2013-08-18,323.04156
2013-08-19,324.3261
2013-08-20,324.4816
2013-08-21,324.5273
2013-08-22,324.6092
2013-08-23,324.7853
2013-08-24,324.54589999999996
2013-08-25,324.54589999999996
2013-08-26,325.2682
2013-08-27,325.3521
2013-08-28,325.5705
2013-08-29,326.0121
2013-08-30,327.1238
2013-08-31,325.86534
2013-09-01,325.86534
2013-09-02,327.9209
2013-09-03,328.5252
2013-09-04,328.6243
2013-09-05,328.9888
2013-09-06,329.3108
2013-09-07,328.674
2013-09-08,328.674
2013-09-09,330.9658
2013-09-10,333.085
2013-09-11,333.685
2013-09-12,335.6235
2013-09-13,337.1736
2013-09-14,334.10658
2013-09-15,334.10658
2013-09-16,338.139
2013-09-17,339.2536
2013-09-18,341.3042
2013-09-19,342.2694
2013-09-20,346.7826
2013-09-21,341.54976
2013-09-22,341.54976
2013-09-23,348.5398
2013-09-24,351.5944
2013-09-25,352.7157
2013-09-26,355.1277
2013-09-27,356.4681
2013-09-28,352.88914
2013-09-29,352.88914
2013-09-30,359.0284
2013-10-01,361.4474
2013-10-02,365.399
2013-10-03,366.4638
2013-10-04,368.3808
2013-10-05,364.14387999999997
2013-10-06,364.14387999999997
2013-10-07,369.3861
2013-10-08,370.4151
2013-10-09,370.7314
2013-10-10,370.891
2013-10-11,370.9375
2013-10-12,370.47222
2013-10-13,370.47222
2013-10-14,370.7799
2013-10-15,372.685225
2013-10-16,371.1739
2013-10-17,373.5178
2013-10-18,375.2693
2013-10-19,372.685225
2013-10-20,372.685225
2013-10-21,375.903
2013-10-22,376.288
2013-10-23,378.5242
2013-10-24,379.0043
2013-10-25,380.6798
2013-10-26,378.07986
2013-10-27,378.07986
2013-10-28,380.9855
2013-10-29,382.835
2013-10-30,383.5024
2013-10-31,383.931
2013-11-01,384.8487
2013-11-02,383.22051999999996
2013-11-03,383.22051999999996
2013-11-04,385.0294
2013-11-05,385.5484
2013-11-06,385.7868
2013-11-07,385.8804
2013-11-08,387.334
2013-11-09,385.91580000000005
2013-11-10,385.91580000000005
2013-11-11,388.7401
2013-11-12,389.0673
2013-11-13,390.0498
2013-11-14,391.3974
2013-11-15,392.1116
2013-11-16,390.27324
2013-11-17,390.27324
2013-11-18,393.6334
2013-11-19,393.6334
2013-11-20,393.9739
2013-11-21,397.7777
2013-11-22,401.5285
2013-11-23,396.10938
2013-11-24,396.10938
2013-11-25,402.4256
2013-11-26,402.9108
2013-11-27,403.0239
2013-11-28,403.9837
2013-11-29,404.2422
2013-11-30,403.31723999999997
2013-12-01,403.31723999999997
2013-12-02,405.7149
2013-12-03,405.9203
2013-12-04,406.9941
2013-12-05,407.0902
2013-12-06,407.0902
2013-12-07,406.56194
2013-12-08,406.56194
2013-12-09,407.2988
2013-12-10,412.332
2013-12-11,412.6859
2013-12-12,413.0257
2013-12-13,413.4299
2013-12-14,411.75446
2013-12-15,411.75446
2013-12-16,413.2292
2013-12-17,416.3847
2013-12-18,416.6541
2013-12-19,417.3894
2013-12-20,417.4197
2013-12-21,416.21542
2013-12-22,416.21542
2013-12-23,418.6681
2013-12-24,421.4521
2013-12-25,420.9352
2013-12-26,420.9352
2013-12-27,421.3864
2013-12-28,420.9352
2013-12-29,420.9352
2013-12-30,421.5197
2013-12-31,421.6497
2014-01-01,421.96445
2014-01-02,421.8279
2014-01-03,422.101
2014-01-04,421.96445
2014-01-05,421.96445
2014-01-06,422.1859
2014-01-07,422.1011
2014-01-08,422.1011
2014-01-09,422.2989
2014-01-10,422.3159
2014-01-11,422.20058
2014-01-12,422.20058
2014-01-13,422.3202
2014-01-14,422.3202
2014-01-15,422.298275
2014-01-16,422.3202
2014-01-17,422.2325
2014-01-18,422.298275
2014-01-19,422.298275
2014-01-20,422.1427
2014-01-21,422.1427
2014-01-22,421.3585
2014-01-23,421.7421
2014-01-24,422.1513
2014-01-25,421.90746
2014-01-26,421.90746
2014-01-27,422.1513
2014-01-28,421.0405
2014-01-29,422.4606
2014-01-30,420.892
2014-01-31,420.4422
2014-02-01,421.39732000000004
2014-02-02,421.39732000000004
2014-02-03,418.7046
2014-02-04,418.2462
2014-02-05,416.5735
2014-02-06,416.005
2014-02-07,415.8813
2014-02-08,417.08212000000003
2014-02-09,417.08212000000003
2014-02-10,415.8823
2014-02-11,415.0586
2014-02-12,414.9218
2014-02-13,414.7142
2014-02-14,413.5552
2014-02-15,414.82642
2014-02-16,414.82642
2014-02-17,411.6915
2014-02-18,410.8561
2014-02-19,410.6317
2014-02-20,409.756
2014-02-21,409.7557
2014-02-22,410.53819999999996
2014-02-23,410.53819999999996
2014-02-24,409.8687
2014-02-25,409.6448
2014-02-26,409.5059
2014-02-27,409.0974
2014-02-28,408.8666
2014-03-01,409.39668
2014-03-02,409.39668
2014-03-03,407.42315
2014-03-04,407.9993
2014-03-05,407.5811
2014-03-06,407.2474
2014-03-07,406.8648
2014-03-08,407.42315
2014-03-09,407.42315
2014-03-10,406.5162
2014-03-11,405.6452
2014-03-12,405.387
2014-03-13,404.5771
2014-03-14,404.5729
2014-03-15,405.33968
2014-03-16,405.33968
2014-03-17,403.2651
2014-03-18,402.4261
2014-03-19,401.9482
2014-03-20,400.5984
2014-03-21,399.1624
2014-03-22,401.48004000000003
2014-03-23,401.48004000000003
2014-03-24,398.7354
2014-03-25,398.1026
2014-03-26,397.7659
2014-03-27,397.7724
2014-03-28,396.9882
2014-03-29,397.8729
2014-03-30,397.8729
2014-03-31,396.0865
2014-04-01,395.0968
2014-04-02,394.0558
2014-04-03,393.6432
2014-04-04,392.9778
2014-04-05,394.37201999999996
2014-04-06,394.37201999999996
2014-04-07,392.4846
2014-04-08,392.5108
2014-04-09,392.0421
2014-04-10,390.9649
2014-04-11,390.4081
2014-04-12,391.6821
2014-04-13,391.6821
2014-04-14,389.7453
2014-04-15,389.5691
2014-04-16,388.0421
2014-04-17,387.958
2014-04-18,388.828625
2014-04-19,388.828625
2014-04-20,388.828625
2014-04-21,386.364825
2014-04-22,386.9872
2014-04-23,386.5197
2014-04-24,386.253
2014-04-25,385.6994
2014-04-26,386.364825
2014-04-27,386.364825
2014-04-28,385.5544
2014-04-29,385.2037
2014-04-30,385.8153
2014-05-01,385.576
2014-05-02,385.7306
2014-05-03,385.576
2014-05-04,385.576
2014-05-05,385.7093
2014-05-06,385.6471
2014-05-07,384.7775
2014-05-08,384.5305
2014-05-09,384.5267
2014-05-10,385.03822
2014-05-11,385.03822
2014-05-12,384.3779
2014-05-13,384.2462
2014-05-14,384.83297500000003
2014-05-15,385.3979
2014-05-16,385.3099
2014-05-17,384.83297500000003
2014-05-18,384.83297500000003
2014-05-19,385.3099
2014-05-20,385.222
2014-05-21,385.3099
2014-05-22,385.1339
2014-05-23,385.1339
2014-05-24,385.22192
2014-05-25,385.22192
2014-05-26,385.1339
2014-05-27,385.1003
2014-05-28,385.1198
2014-05-29,385.1198
2014-05-30,385.1198
2014-05-31,385.11872
2014-06-01,385.11872
2014-06-02,385.063
2014-06-03,385.063
2014-06-04,384.975
2014-06-05,384.8974
2014-06-06,384.8974
2014-06-07,384.97916
2014-06-08,384.97916
2014-06-09,384.782
2014-06-10,384.7328
2014-06-11,384.6464
2014-06-12,384.6041
2014-06-13,384.6041
2014-06-14,384.67388
2014-06-15,384.67388
2014-06-16,384.7757
2014-06-17,384.6041
2014-06-18,384.6041
2014-06-19,384.6041
2014-06-20,384.6041
2014-06-21,384.63842
2014-06-22,384.63842
2014-06-23,384.6041
2014-06-24,384.7716
2014-06-25,384.768
2014-06-26,385.0181
2014-06-27,385.0181
2014-06-28,384.83598
2014-06-29,384.83598
2014-06-30,385.3261
2014-07-01,385.0621
2014-07-02,385.0621
2014-07-03,385.0621
2014-07-04,385.5252
2014-07-05,385.20752
2014-07-06,385.20752
2014-07-07,385.737625
2014-07-08,385.5252
2014-07-09,385.772
2014-07-10,385.772
2014-07-11,385.8813
2014-07-12,385.737625
2014-07-13,385.737625
2014-07-14,385.8896
2014-07-15,385.8854
2014-07-16,385.9636
2014-07-17,386.0059
2014-07-18,386.0484
2014-07-19,385.95858
2014-07-20,385.95858
2014-07-21,386.0484
2014-07-22,386.0484
2014-07-23,386.0484
2014-07-24,386.0484
2014-07-25,386.0484
2014-07-26,386.0484
2014-07-27,386.0484
2014-07-28,386.078575
2014-07-29,386.0484
2014-07-30,386.0484
2014-07-31,386.0484
2014-08-01,386.1691
2014-08-02,386.078575
2014-08-03,386.078575
2014-08-04,386.2115
2014-08-05,386.1936
2014-08-06,386.1936
2014-08-07,386.1936
2014-08-08,386.1936
2014-08-09,386.19718
2014-08-10,386.19718
2014-08-11,386.2156
2014-08-12,386.2156
2014-08-13,386.2156
2014-08-14,386.2156
2014-08-15,386.2156
2014-08-16,386.2156
2014-08-17,386.2156
2014-08-18,386.2156
2014-08-19,385.6726
2014-08-20,385.6726
2014-08-21,385.7047
2014-08-22,385.7047
2014-08-23,385.79404
2014-08-24,385.79404
2014-08-25,385.7047
2014-08-26,385.7047
2014-08-27,385.7047
2014-08-28,385.7047
2014-08-29,385.747
2014-08-30,385.71316
2014-08-31,385.71316
2014-09-01,385.747
2014-09-02,385.747
2014-09-03,385.7894
2014-09-04,385.8255
2014-09-05,385.8255
2014-09-06,385.78688
2014-09-07,385.78688
2014-09-08,386.0449
2014-09-09,386.0702
2014-09-10,386.9171
2014-09-11,386.9384
2014-09-12,386.9659
2014-09-13,386.5873
2014-09-14,386.5873
2014-09-15,386.9746
2014-09-16,387.6781
2014-09-17,387.7482
2014-09-18,388.7066
2014-09-19,388.7462
2014-09-20,387.97074
2014-09-21,387.97074
2014-09-22,389.5653
2014-09-23,390.5198
2014-09-24,393.4208
2014-09-25,394.1204
2014-09-26,396.5506
2014-09-27,392.83538
2014-09-28,392.83538
2014-09-29,396.9708
2014-09-30,398.8309
2014-10-01,399.651
2014-10-02,400.9776
2014-10-03,402.492
2014-10-04,399.78445999999997
2014-10-05,399.78445999999997
2014-10-06,403.2665
2014-10-07,405.7181
2014-10-08,406.7618
2014-10-09,409.2581
2014-10-10,411.3978
2014-10-11,407.28046
2014-10-12,407.28046
2014-10-13,413.3598
2014-10-14,416.4551
2014-10-15,417.2593
2014-10-16,419.2874
2014-10-17,419.9349
2014-10-18,417.2593
2014-10-19,417.2593
2014-10-20,424.2048
2014-10-21,432.1097
2014-10-22,435.7294
2014-10-23,440.13
2014-10-24,445.7012
2014-10-25,435.57501999999994
2014-10-26,435.57501999999994
2014-10-27,443.0095
2014-10-28,444.5363
2014-10-29,449.7019
2014-10-30,451.7716
2014-10-31,455.5135
2014-11-01,448.90656
2014-11-02,448.90656
2014-11-03,459.7865
2014-11-04,464.9677
2014-11-05,467.3007
2014-11-06,467.5899
2014-11-07,468.6184
2014-11-08,465.65263999999996
2014-11-09,465.65263999999996
2014-11-10,469.0035
2014-11-11,469.2692
2014-11-12,470.1428
2014-11-13,471.358
2014-11-14,472.5517
2014-11-15,470.46504000000004
2014-11-16,470.46504000000004
2014-11-17,473.3767
2014-11-18,475.7056
2014-11-19,478.01
2014-11-20,479.2636
2014-11-21,481.1016
2014-11-22,477.4915
2014-11-23,477.4915
2014-11-24,481.8997
2014-11-25,482.1272
2014-11-26,481.8939
2014-11-27,481.9626
2014-11-28,482.2005
2014-11-29,482.01678000000004
2014-11-30,482.01678000000004
2014-12-01,482.2005
2014-12-02,481.2677
2014-12-03,480.8217
2014-12-04,480.3855
2014-12-05,479.6764
2014-12-06,480.87036
2014-12-07,480.87036
2014-12-08,478.5366
2014-12-09,477.5646
2014-12-10,476.0094
2014-12-11,473.9677
2014-12-12,471.7965
2014-12-13,475.57496000000003
2014-12-14,475.57496000000003
2014-12-15,470.7943
2014-12-16,469.82
2014-12-17,467.8819
2014-12-18,466.5724
2014-12-19,464.9906
2014-12-20,468.01184
2014-12-21,468.01184
2014-12-22,462.4703
2014-12-23,459.3624
2014-12-24,458.0103
2014-12-25,457.90055
2014-12-26,457.90055
2014-12-27,457.90055
2014-12-28,457.90055
2014-12-29,457.3163
2014-12-30,455.4707
2014-12-31,454.7733
2015-01-01,454.3796
2015-01-02,454.3796
2015-01-03,454.3796
2015-01-04,454.3796
2015-01-05,450.6979
2015-01-06,449.9873
2015-01-07,449.0487
2015-01-08,448.5728
2015-01-09,447.617
2015-01-10,449.18474
2015-01-11,449.18474
2015-01-12,447.7708
2015-01-13,447.1508
2015-01-14,447.0287
2015-01-15,447.182725
2015-01-16,446.7806
2015-01-17,447.182725
2015-01-18,447.182725
2015-01-19,446.4191
2015-01-20,445.2369
2015-01-21,444.6767
2015-01-22,444.3692
2015-01-23,444.2933
2015-01-24,444.99904
2015-01-25,444.99904
2015-01-26,443.696
2015-01-27,442.4
2015-01-28,441.648
2015-01-29,439.6994
2015-01-30,439.2661
2015-01-31,441.3419
2015-02-01,441.3419
2015-02-02,438.1002
2015-02-03,437.0564
2015-02-04,437.0136
2015-02-05,435.1922
2015-02-06,433.991
2015-02-07,436.27067999999997
2015-02-08,436.27067999999997
2015-02-09,432.8457
2015-02-10,432.7207
2015-02-11,431.9047
2015-02-12,428.3946
2015-02-13,427.2473
2015-02-14,430.62260000000003
2015-02-15,430.62260000000003
2015-02-16,426.6493
2015-02-17,425.7836
2015-02-18,427.0146
2015-02-19,427.9182
2015-02-20,428.5378
2015-02-21,427.1807
2015-02-22,427.1807
2015-02-23,427.1417
2015-02-24,427.4268
2015-02-25,427.3774
2015-02-26,427.3003
2015-02-27,427.3003
2015-02-28,427.3093
2015-03-01,427.3093
2015-03-02,427.3003
2015-03-03,427.3526
2015-03-04,427.3003
2015-03-05,427.3485
2015-03-06,427.4613
2015-03-07,427.3526
2015-03-08,427.3526
2015-03-09,427.4613
2015-03-10,427.245
2015-03-11,426.9928
2015-03-12,426.9915
2015-03-13,426.9591
2015-03-14,427.12994
2015-03-15,427.12994
2015-03-16,426.811
2015-03-17,426.811
2015-03-18,426.811
2015-03-19,426.7229
2015-03-20,426.8991
2015-03-21,426.811
2015-03-22,426.811
2015-03-23,426.8991
2015-03-24,426.7659
2015-03-25,426.7659
2015-03-26,426.7659
2015-03-27,426.9421
2015-03-28,426.82777999999996
2015-03-29,426.82777999999996
2015-03-30,427.3317
2015-03-31,427.6153
2015-04-01,427.9156
2015-04-02,427.9156
2015-04-03,427.69455
2015-04-04,427.69455
2015-04-05,427.69455
2015-04-06,428.85855
2015-04-07,428.0985
2015-04-08,428.8329
2015-04-09,429.0095
2015-04-10,429.4933
2015-04-11,428.85855
2015-04-12,428.85855
2015-04-13,429.7799
2015-04-14,429.9795
2015-04-15,430.7973
2015-04-16,430.7973
2015-04-17,430.7973
2015-04-18,430.43026
2015-04-19,430.43026
2015-04-20,430.6658
2015-04-21,431.3731
2015-04-22,431.4166
2015-04-23,431.46
2015-04-24,431.46
2015-04-25,431.2751
2015-04-26,431.2751
2015-04-27,431.46
2015-04-28,430.6676
2015-04-29,430.6676
2015-04-30,430.4487
2015-05-01,430.810975
2015-05-02,430.810975
2015-05-03,430.810975
2015-05-04,430.3176
2015-05-05,430.3044
2015-05-06,430.3923
2015-05-07,430.3923
2015-05-08,430.3923
2015-05-09,430.35977999999994
2015-05-10,430.35977999999994
2015-05-11,430.3478
2015-05-12,430.4139
2015-05-13,430.4139
2015-05-14,430.3693
2015-05-15,430.3016
2015-05-16,430.3693
2015-05-17,430.3693
2015-05-18,430.2688
2015-05-19,431.0794
2015-05-20,431.0883
2015-05-21,430.8695
2015-05-22,430.3504
2015-05-23,430.73127999999997
2015-05-24,430.73127999999997
2015-05-25,430.1326
2015-05-26,429.9941
2015-05-27,429.5785
2015-05-28,429.3344
2015-05-29,429.3344
2015-05-30,429.67480000000006
2015-05-31,429.67480000000006
2015-06-01,429.0931
2015-06-02,428.6756
2015-06-03,428.5176
2015-06-04,428.147
2015-06-05,427.8368
2015-06-06,428.45401999999996
2015-06-07,428.45401999999996
2015-06-08,427.7477
2015-06-09,427.4806
2015-06-10,427.4371
2015-06-11,427.5483
2015-06-12,427.3898
2015-06-13,427.52070000000003
2015-06-14,427.52070000000003
2015-06-15,427.3333
2015-06-16,427.3333
2015-06-17,427.3333
2015-06-18,427.3333
2015-06-19,427.3769
2015-06-20,427.34202000000005
2015-06-21,427.34202000000005
2015-06-22,427.3878
2015-06-23,427.3878
2015-06-24,427.9684
2015-06-25,428.1433
2015-06-26,429.8279
2015-06-27,428.14304000000004
2015-06-28,428.14304000000004
2015-06-29,430.4908
2015-06-30,431.0403
2015-07-01,433.0402
2015-07-02,434.6184
2015-07-03,434.798
2015-07-04,432.79754
2015-07-05,432.79754
2015-07-06,436.4782
2015-07-07,435.3809
2015-07-08,435.6765
2015-07-09,436.9027
2015-07-10,437.9527
2015-07-11,436.4782
2015-07-12,436.4782
2015-07-13,440.6718
2015-07-14,444.6408
2015-07-15,446.8849
2015-07-16,448.8722
2015-07-17,450.1502
2015-07-18,446.24398
2015-07-19,446.24398
2015-07-20,464.98725
2015-07-21,453.2351
2015-07-22,463.2339
2015-07-23,470.698
2015-07-24,472.782
2015-07-25,464.98725
2015-07-26,464.98725
2015-07-27,477.6173
2015-07-28,481.3527
2015-07-29,504.6718
2015-07-30,507.546
2015-07-31,509.6273
2015-08-01,496.16301999999996
2015-08-02,496.16301999999996
2015-08-03,512.6101
2015-08-04,513.8131
2015-08-05,516.15
2015-08-06,517.2653
2015-08-07,519.6938
2015-08-08,515.9064599999999
2015-08-09,515.9064599999999
2015-08-10,522.0246
2015-08-11,525.4073
2015-08-12,527.4517
2015-08-13,529.4068
2015-08-14,531.9137
2015-08-15,527.24082
2015-08-16,527.24082
2015-08-17,535.1917
2015-08-18,537.3488
2015-08-19,539.6879
2015-08-20,541.8229
2015-08-21,545.0167
2015-08-22,539.8136000000001
2015-08-23,539.8136000000001
2015-08-24,542.1801
2015-08-25,542.9059
2015-08-26,545.6362
2015-08-27,547.4611
2015-08-28,549.5543
2015-08-29,545.54752
2015-08-30,545.54752
2015-08-31,551.5072
2015-09-01,553.5014
2015-09-02,554.1564
2015-09-03,555.6653
2015-09-04,555.2406
2015-09-05,554.0141799999999
2015-09-06,554.0141799999999
2015-09-07,556.2457
2015-09-08,556.2302
2015-09-09,556.1423
2015-09-10,556.1413
2015-09-11,555.4945
2015-09-12,556.0508
2015-09-13,556.0508
2015-09-14,554.88
2015-09-15,555.1508
2015-09-16,555.4023
2015-09-17,555.2509
2015-09-18,554.9706
2015-09-19,555.13092
2015-09-20,555.13092
2015-09-21,555.023
2015-09-22,555.1356
2015-09-23,555.0893
2015-09-24,554.4022
2015-09-25,554.0633
2015-09-26,554.7426800000001
2015-09-27,554.7426800000001
2015-09-28,552.019
2015-09-29,550.993
2015-09-30,548.1538
2015-10-01,547.006
2015-10-02,546.1805
2015-10-03,548.87046
2015-10-04,548.87046
2015-10-05,546.3104
2015-10-06,545.5123
2015-10-07,544.7577
2015-10-08,544.0455
2015-10-09,543.4451
2015-10-10,544.8142
2015-10-11,544.8142
2015-10-12,542.7827
2015-10-13,542.5043
2015-10-14,542.3633
2015-10-15,542.3100999999999
2015-10-16,541.5901
2015-10-17,542.3100999999999
2015-10-18,542.3100999999999
2015-10-19,541.6041
2015-10-20,542.0124
2015-10-21,543.2611
2015-10-22,544.9845
2015-10-23,546.8483
2015-10-24,543.74208
2015-10-25,543.74208
2015-10-26,548.7125
2015-10-27,549.8757
2015-10-28,552.5227
2015-10-29,553.2338
2015-10-30,553.0219
2015-10-31,551.47332
2015-11-01,551.47332
2015-11-02,554.3911
2015-11-03,556.0628
2015-11-04,556.1075
2015-11-05,557.5184
2015-11-06,557.6807
2015-11-07,556.3521000000001
2015-11-08,556.3521000000001
2015-11-09,560.6251
2015-11-10,562.0279
2015-11-11,565.2046
2015-11-12,568.4173
2015-11-13,570.7814
2015-11-14,565.4112600000001
2015-11-15,565.4112600000001
2015-11-16,573.0416
2015-11-17,576.3588
2015-11-18,577.8404
2015-11-19,580.9537
2015-11-20,583.1707
2015-11-21,578.27304
2015-11-22,578.27304
2015-11-23,585.2072
2015-11-24,588.9138
2015-11-25,591.2107
2015-11-26,592.5613
2015-11-27,594.5406
2015-11-28,590.48672
2015-11-29,590.48672
2015-11-30,597.2771
2015-12-01,600.9701
2015-12-02,602.6556
2015-12-03,605.8775
2015-12-04,606.6156
2015-12-05,602.67918
2015-12-06,602.67918
2015-12-07,610.8437
2015-12-08,611.8929
2015-12-09,615.4446
2015-12-10,618.3344
2015-12-11,621.7938
2015-12-12,615.66188
2015-12-13,615.66188
2015-12-14,624.3783
2015-12-15,626.7749
2015-12-16,631.327
2015-12-17,634.6266
2015-12-18,638.4216
2015-12-19,631.10568
2015-12-20,631.10568
2015-12-21,642.2305
2015-12-22,645.8931
2015-12-23,648.3984
2015-12-24,650.8769
2015-12-25,649.9442857142857
2015-12-26,649.9442857142857
2015-12-27,649.9442857142857
2015-12-28,649.9442857142857
2015-12-29,652.4092
2015-12-30,653.7415
2015-12-31,656.0604
2016-01-01,669.01772
2016-01-02,669.01772
2016-01-03,669.01772
2016-01-04,660.1833
2016-01-05,664.616
2016-01-06,669.1533
2016-01-07,673.4794
2016-01-08,677.6566
2016-01-09,669.01772
2016-01-10,669.01772
2016-01-11,681.0232
2016-01-12,682.7258
2016-01-13,686.0658
2016-01-14,687.7533
2016-01-15,684.392025
2016-01-16,684.392025
2016-01-17,684.392025
2016-01-18,688.9801
2016-01-19,691.8202
2016-01-20,696.0762
2016-01-21,700.0622
2016-01-22,701.7782
2016-01-23,695.74338
2016-01-24,695.74338
2016-01-25,703.1651
2016-01-26,707.0295
2016-01-27,711.0358
2016-01-28,714.1802
2016-01-29,719.4001
2016-01-30,710.96214
2016-01-31,710.96214
2016-02-01,715.1604
2016-02-02,716.2058
2016-02-03,717.5051
2016-02-04,717.9635
2016-02-05,719.9936
2016-02-06,717.36568
2016-02-07,717.36568
2016-02-08,721.7591
2016-02-09,726.0608
2016-02-10,729.2905
2016-02-11,732.8317
2016-02-12,736.2023
2016-02-13,729.22888
2016-02-14,729.22888
2016-02-15,739.0728
2016-02-16,741.2128
2016-02-17,743.5657
2016-02-18,745.3013
2016-02-19,744.7973
2016-02-20,742.78998
2016-02-21,742.78998
2016-02-22,745.44
2016-02-23,746.3914
2016-02-24,745.3331
2016-02-25,742.4862
2016-02-26,738.5408
2016-02-27,743.6383
2016-02-28,743.6383
2016-02-29,734.395
2016-03-01,733.7531
2016-03-02,729.8333
2016-03-03,729.5334
2016-03-04,720.1522
2016-03-05,729.5334
2016-03-06,729.5334
2016-03-07,714.2676
2016-03-08,710.5083
2016-03-09,706.9243
2016-03-10,702.8385
2016-03-11,698.5578
2016-03-12,706.6193000000001
2016-03-13,706.6193000000001
2016-03-14,693.379
2016-03-15,688.3648
2016-03-16,679.9355
2016-03-17,678.1086
2016-03-18,678.0036
2016-03-19,683.5583
2016-03-20,683.5583
2016-03-21,678.0256
2016-03-22,677.01
2016-03-23,677.0203
2016-03-24,677.4399
2016-03-25,677.37395
2016-03-26,677.37395
2016-03-27,677.37395
2016-03-28,675.69335
2016-03-29,676.3964
2016-03-30,675.7578
2016-03-31,675.2224
2016-04-01,675.3968
2016-04-02,675.69335
2016-04-03,675.69335
2016-04-04,675.2444
2016-04-05,674.9475
2016-04-06,675.0383
2016-04-07,674.8993
2016-04-08,674.9541
2016-04-09,675.01672
2016-04-10,675.01672
2016-04-11,675.692
2016-04-12,675.6674
2016-04-13,675.8962
2016-04-14,675.806
2016-04-15,676.4104
2016-04-16,675.8944
2016-04-17,675.8944
2016-04-18,676.4022
2016-04-19,676.4125
2016-04-20,676.6145
2016-04-21,676.6279
2016-04-22,676.627
2016-04-23,676.53682
2016-04-24,676.53682
2016-04-25,676.5018
2016-04-26,676.4944
2016-04-27,676.5306
2016-04-28,677.5027
2016-04-29,677.7896
2016-04-30,676.96382
2016-05-01,676.96382
2016-05-02,678.462175
2016-05-03,678.3203
2016-05-04,678.3203
2016-05-05,678.4724
2016-05-06,678.7357
2016-05-07,678.462175
2016-05-08,678.462175
2016-05-09,679.3507
2016-05-10,679.4211
2016-05-11,688.1193
2016-05-12,690.9605
2016-05-13,692.4691
2016-05-14,686.0641400000001
2016-05-15,686.0641400000001
2016-05-16,696.03885
2016-05-17,693.9537
2016-05-18,695.0549
2016-05-19,696.4658
2016-05-20,698.681
2016-05-21,696.03885
2016-05-22,696.03885
2016-05-23,698.0495
2016-05-24,698.894
2016-05-25,699.919
2016-05-26,699.7773
2016-05-27,699.5954
2016-05-28,699.24704
2016-05-29,699.24704
2016-05-30,700.3393
2016-05-31,700.6818
2016-06-01,700.7208
2016-06-02,700.9626
2016-06-03,700.787
2016-06-04,700.6983
2016-06-05,700.6983
2016-06-06,700.6882
2016-06-07,701.7476
2016-06-08,702.0032
2016-06-09,701.9795
2016-06-10,701.9775
2016-06-11,701.6792
2016-06-12,701.6792
2016-06-13,702.1028
2016-06-14,702.0846
2016-06-15,702.0126
2016-06-16,702.214
2016-06-17,702.2354
2016-06-18,702.1298800000001
2016-06-19,702.1298800000001
2016-06-20,702.3318
2016-06-21,702.374
2016-06-22,702.6372
2016-06-23,703.0073
2016-06-24,703.7514
2016-06-25,702.82034
2016-06-26,702.82034
2016-06-27,703.9423
2016-06-28,703.9328
2016-06-29,704.0619
2016-06-30,704.3844
2016-07-01,704.5668
2016-07-02,704.1776400000001
2016-07-03,704.1776400000001
2016-07-04,704.6243
2016-07-05,704.811
2016-07-06,704.7408666666666
2016-07-07,704.7408666666666
2016-07-08,704.7873
2016-07-09,704.7408666666666
2016-07-10,704.7408666666666
2016-07-11,704.8866
2016-07-12,705.3297
2016-07-13,706.3953
2016-07-14,706.3753
2016-07-15,706.5009
2016-07-16,705.89756
2016-07-17,705.89756
2016-07-18,706.4518
2016-07-19,706.6819
2016-07-20,707.0572
2016-07-21,707.4756
2016-07-22,708.338
2016-07-23,707.2009
2016-07-24,707.2009
2016-07-25,708.8984
2016-07-26,709.3975
2016-07-27,709.8588
2016-07-28,710.7074
2016-07-29,711.423
2016-07-30,710.05702
2016-07-31,710.05702
2016-08-01,711.1537
2016-08-02,711.2558
2016-08-03,711.5883
2016-08-04,711.2005
2016-08-05,711.3909
2016-08-06,711.3178399999999
2016-08-07,711.3178399999999
2016-08-08,711.1502
2016-08-09,711.6785
2016-08-10,711.5397
2016-08-11,711.434
2016-08-12,711.6949
2016-08-13,711.49946
2016-08-14,711.49946
2016-08-15,711.6685
2016-08-16,711.3526
2016-08-17,711.8553
2016-08-18,711.7215
2016-08-19,711.9645
2016-08-20,711.71248
2016-08-21,711.71248
2016-08-22,711.3701
2016-08-23,711.6604
2016-08-24,712.1684
2016-08-25,711.8573
2016-08-26,712.0636
2016-08-27,711.8239599999999
2016-08-28,711.8239599999999
2016-08-29,711.4335
2016-08-30,711.5532
2016-08-31,712.0365
2016-09-01,711.9133
2016-09-02,711.4571
2016-09-03,711.67872
2016-09-04,711.67872
2016-09-05,712.231
2016-09-06,712.235
2016-09-07,711.8664
2016-09-08,712.5625
2016-09-09,712.2253
2016-09-10,712.22404
2016-09-11,712.22404
2016-09-12,712.3427
2016-09-13,712.4137
2016-09-14,712.3302
2016-09-15,712.2858
2016-09-16,712.6431
2016-09-17,712.4031
2016-09-18,712.4031
2016-09-19,712.4574
2016-09-20,712.6824
2016-09-21,712.0934
2016-09-22,712.4622
2016-09-23,712.5375
2016-09-24,712.44658
2016-09-25,712.44658
2016-09-26,712.5853
2016-09-27,712.449
2016-09-28,712.7933
2016-09-29,712.4937
2016-09-30,712.6578
2016-10-01,712.59582
2016-10-02,712.59582
2016-10-03,711.8795
2016-10-04,712.3824
2016-10-05,712.3833
2016-10-06,712.5322
2016-10-07,712.1286
2016-10-08,712.2612
2016-10-09,712.2612
2016-10-10,711.7031
2016-10-11,712.5509
2016-10-12,712.0529
2016-10-13,712.7851
2016-10-14,712.5552
2016-10-15,712.32944
2016-10-16,712.32944
2016-10-17,712.322675
2016-10-18,711.7175
2016-10-19,712.2397
2016-10-20,712.6722
2016-10-21,712.6613
2016-10-22,712.322675
2016-10-23,712.322675
2016-10-24,712.0085
2016-10-25,712.4301
2016-10-26,712.4378
2016-10-27,712.5148
2016-10-28,712.5154
2016-10-29,712.3813200000001
2016-10-30,712.3813200000001
2016-10-31,711.767
2016-11-01,712.405
2016-11-02,711.9643
2016-11-03,712.5813
2016-11-04,712.4138
2016-11-05,712.2262800000001
2016-11-06,712.2262800000001
2016-11-07,712.0229
2016-11-08,712.517
2016-11-09,712.352
2016-11-10,712.3769
2016-11-11,712.0945
2016-11-12,712.27266
2016-11-13,712.27266
2016-11-14,712.4956
2016-11-15,712.4014
2016-11-16,712.4042
2016-11-17,712.7108
2016-11-18,712.9949
2016-11-19,712.60138
2016-11-20,712.60138
2016-11-21,712.0706
2016-11-22,712.7713
2016-11-23,712.1712
2016-11-24,713.1106
2016-11-25,713.6327
2016-11-26,712.7512800000001
2016-11-27,712.7512800000001
2016-11-28,713.7756
2016-11-29,714.722
2016-11-30,716.301
2016-12-01,716.1942
2016-12-02,716.2906
2016-12-03,715.45668
2016-12-04,715.45668
2016-12-05,716.3722
2016-12-06,716.5699
2016-12-07,716.4961
2016-12-08,716.5015
2016-12-09,716.4147
2016-12-10,716.4708800000001
2016-12-11,716.4708800000001
2016-12-12,716.401
2016-12-13,716.3494
2016-12-14,716.3272
2016-12-15,715.9143
2016-12-16,715.5854
2016-12-17,716.11546
2016-12-18,716.11546
2016-12-19,716.1751
2016-12-20,715.7816
2016-12-21,715.9682
2016-12-22,715.9681
2016-12-23,715.8219
2016-12-24,715.94298
2016-12-25,715.94298
2016-12-26,715.7830333333333
2016-12-27,715.7830333333333
2016-12-28,715.7742
2016-12-29,715.7732
2016-12-30,715.8017
2016-12-31,715.7830333333333
2017-01-01,716.0241
2017-01-02,716.0241
2017-01-03,716.0883
2017-01-04,715.4995
2017-01-05,716.2103
2017-01-06,716.2983
2017-01-07,716.0241
2017-01-08,716.0241
2017-01-09,716.3442
2017-01-10,716.5937
2017-01-11,716.7203
2017-01-12,716.6755
2017-01-13,716.6849
2017-01-14,716.60372
2017-01-15,716.60372
2017-01-16,716.657225
2017-01-17,716.6608
2017-01-18,716.5924
2017-01-19,716.6271
2017-01-20,716.7486
2017-01-21,716.657225
2017-01-22,716.657225
2017-01-23,716.8246
2017-01-24,716.6804
2017-01-25,716.7179
2017-01-26,716.6835
2017-01-27,716.7135
2017-01-28,716.72398
2017-01-29,716.72398
2017-01-30,716.3854
2017-01-31,716.388
2017-02-01,716.3907
2017-02-02,716.5581
2017-02-03,716.7668
2017-02-04,716.4978
2017-02-05,716.4978
2017-02-06,716.7675
2017-02-07,716.7791
2017-02-08,716.6031
2017-02-09,716.7689
2017-02-10,716.6287
2017-02-11,716.70946
2017-02-12,716.70946
2017-02-13,717.144
2017-02-14,716.8002
2017-02-15,716.7875
2017-02-16,716.7811
2017-02-17,716.7923
2017-02-18,716.86102
2017-02-19,716.86102
2017-02-20,716.7688
2017-02-21,717.0438
2017-02-22,716.8838
2017-02-23,716.887
2017-02-24,716.8444
2017-02-25,716.8855599999999
2017-02-26,716.8855599999999
2017-02-27,716.9013
2017-02-28,716.9019
2017-03-01,716.9141
2017-03-02,716.8284
2017-03-03,716.8864249999999
2017-03-04,716.8864249999999
2017-03-05,716.8864249999999
2017-03-06,716.8284
2017-03-07,716.8769
2017-03-08,716.6809
2017-03-09,716.9459
2017-03-10,717.018
2017-03-11,716.8700200000001
2017-03-12,716.8700200000001
2017-03-13,717.0211
2017-03-14,717.0269
2017-03-15,717.0507
2017-03-16,716.9695
2017-03-17,716.8243
2017-03-18,716.9784999999999
2017-03-19,716.9784999999999
2017-03-20,716.8195
2017-03-21,716.892
2017-03-22,716.902
2017-03-23,716.9276
2017-03-24,716.9096
2017-03-25,716.89014
2017-03-26,716.89014
2017-03-27,716.9333
2017-03-28,716.9141
2017-03-29,716.9121
2017-03-30,716.9569
2017-03-31,716.9509
2017-04-01,716.93346
2017-04-02,716.93346
2017-04-03,716.9493
2017-04-04,716.9267
2017-04-05,716.9246
2017-04-06,716.8898
2017-04-07,716.9227
2017-04-08,716.92262
2017-04-09,716.92262
2017-04-10,716.9128
2017-04-11,717.2524
2017-04-12,717.789
2017-04-13,717.7876
2017-04-14,717.43545
2017-04-15,717.43545
2017-04-16,717.43545
2017-04-17,717.784875
2017-04-18,717.7884
2017-04-19,717.7854
2017-04-20,717.7854
2017-04-21,717.7803
2017-04-22,717.784875
2017-04-23,717.784875
2017-04-24,717.7953
2017-04-25,717.8149
2017-04-26,717.9866
2017-04-27,717.9868
2017-04-28,717.9582
2017-04-29,717.90836
2017-04-30,717.90836
2017-05-01,717.660625
2017-05-02,717.645
2017-05-03,717.657
2017-05-04,717.6717
2017-05-05,717.6688
2017-05-06,717.660625
2017-05-07,717.660625
2017-05-08,717.6824
2017-05-09,717.6664
2017-05-10,717.6728
2017-05-11,717.662
2017-05-12,717.6691
2017-05-13,717.67054
2017-05-14,717.67054
2017-05-15,717.64905
2017-05-16,717.6684
2017-05-17,717.6734
2017-05-18,717.6781
2017-05-19,717.5763
2017-05-20,717.64905
2017-05-21,717.64905
2017-05-22,717.385
2017-05-23,717.5056
2017-05-24,717.4689
2017-05-25,717.5943
2017-05-26,717.6175
2017-05-27,717.5142599999999
2017-05-28,717.5142599999999
2017-05-29,717.5778
2017-05-30,717.6018
2017-05-31,717.5856
2017-06-01,717.6006
2017-06-02,717.4625
2017-06-03,717.56566
2017-06-04,717.56566
2017-06-05,717.5564
2017-06-06,716.9509
2017-06-07,716.9617
2017-06-08,716.8887
2017-06-09,716.8939
2017-06-10,717.05032
2017-06-11,717.05032
2017-06-12,716.8393
2017-06-13,716.8303
2017-06-14,716.8266
2017-06-15,716.6437
2017-06-16,716.6487
2017-06-17,716.75772
2017-06-18,716.75772
2017-06-19,716.6406
2017-06-20,716.647
2017-06-21,716.4301
2017-06-22,716.3655
2017-06-23,716.2454
2017-06-24,716.4657199999999
2017-06-25,716.4657199999999
2017-06-26,716.231925
2017-06-27,716.2276
2017-06-28,716.2332
2017-06-29,716.2349
2017-06-30,716.232
2017-07-01,716.231925
2017-07-02,716.231925
2017-07-03,716.2319
2017-07-04,716.0453
2017-07-05,716.1453
2017-07-06,716.036075
2017-07-07,715.7218
2017-07-08,716.036075
2017-07-09,716.036075
2017-07-10,715.7223
2017-07-11,715.7785
2017-07-12,715.6588
2017-07-13,715.659
2017-07-14,715.659
2017-07-15,715.69552
2017-07-16,715.69552
2017-07-17,715.6537
2017-07-18,715.6835
2017-07-19,715.6956
2017-07-20,715.7099
2017-07-21,715.7122
2017-07-22,715.69098
2017-07-23,715.69098
2017-07-24,715.6969
2017-07-25,715.7129
2017-07-26,715.7099
2017-07-27,715.9305
2017-07-28,715.9321
2017-07-29,715.79646
2017-07-30,715.79646
2017-07-31,715.8358
2017-08-01,715.8386
2017-08-02,715.8387
2017-08-03,715.9104
2017-08-04,715.9175
2017-08-05,715.8682
2017-08-06,715.8682
2017-08-07,715.9175
2017-08-08,715.9175
2017-08-09,715.918
2017-08-10,715.9301
2017-08-11,715.9295
2017-08-12,715.92252
2017-08-13,715.92252
2017-08-14,715.8337
2017-08-15,715.849
2017-08-16,715.8208
2017-08-17,715.8923
2017-08-18,715.911
2017-08-19,715.86136
2017-08-20,715.86136
2017-08-21,715.911
2017-08-22,715.9345
2017-08-23,716.0659
2017-08-24,716.0637
2017-08-25,716.0722
2017-08-26,716.00946
2017-08-27,716.00946
2017-08-28,716.3302
2017-08-29,716.2298
2017-08-30,716.1961
2017-08-31,716.2059
2017-09-01,716.1901
2017-09-02,716.2304200000001
2017-09-03,716.2304200000001
2017-09-04,716.0929
2017-09-05,716.1966
2017-09-06,716.1943
2017-09-07,716.1943
2017-09-08,716.1943
2017-09-09,716.17448
2017-09-10,716.17448
2017-09-11,716.2043
2017-09-12,716.2078
2017-09-13,716.2127
2017-09-14,716.2137
2017-09-15,716.2137
2017-09-16,716.2104400000001
2017-09-17,716.2104400000001
2017-09-18,716.2144
2017-09-19,716.3155
2017-09-20,716.3182
2017-09-21,716.3216
2017-09-22,716.3265
2017-09-23,716.29924
2017-09-24,716.29924
2017-09-25,716.1701
2017-09-26,716.2088
2017-09-27,716.2038
2017-09-28,716.1989
2017-09-29,716.2137
2017-09-30,716.19906
2017-10-01,716.19906
2017-10-02,716.2137
2017-10-03,716.194
2017-10-04,716.1791
2017-10-05,716.1841
2017-10-06,716.1891
2017-10-07,716.192
2017-10-08,716.192
2017-10-09,716.1941
2017-10-10,716.1941
2017-10-11,716.1792
2017-10-12,716.1743
2017-10-13,716.1941
2017-10-14,716.1871600000001
2017-10-15,716.1871600000001
2017-10-16,716.1916000000001
2017-10-17,716.1941
2017-10-18,716.1891
2017-10-19,716.1941
2017-10-20,716.1891
2017-10-21,716.1916000000001
2017-10-22,716.1916000000001
2017-10-23,716.1941
2017-10-24,716.1842
2017-10-25,716.1792
2017-10-26,716.1792
2017-10-27,716.1941
2017-10-28,716.18616
2017-10-29,716.18616
2017-10-30,716.199
2017-10-31,716.2039
2017-11-01,716.199
2017-11-02,716.1941
2017-11-03,716.1941
2017-11-04,716.19802
2017-11-05,716.19802
2017-11-06,716.1941
2017-11-07,716.2089
2017-11-08,716.4908
2017-11-09,716.4854
2017-11-10,716.4854
2017-11-11,716.37292
2017-11-12,716.37292
2017-11-13,716.4854
2017-11-14,716.4743
2017-11-15,716.4799
2017-11-16,716.4743
2017-11-17,716.4757
2017-11-18,716.47792
2017-11-19,716.47792
2017-11-20,716.4757
2017-11-21,716.4757
2017-11-22,716.4757
2017-11-23,716.4538
2017-11-24,716.4922
2017-11-25,716.47462
2017-11-26,716.47462
2017-11-27,716.4702
2017-11-28,716.1289
2017-11-29,716.1289
2017-11-30,716.1289
2017-12-01,716.1291
2017-12-02,716.1972
2017-12-03,716.1972
2017-12-04,716.1291
2017-12-05,716.1291
2017-12-06,716.1291
2017-12-07,716.1291
2017-12-08,716.1291
2017-12-09,716.1291
2017-12-10,716.1291
2017-12-11,716.1127
2017-12-12,716.1127
2017-12-13,716.1127
2017-12-14,716.4743
2017-12-15,716.1127
2017-12-16,716.18502
2017-12-17,716.18502
2017-12-18,716.1127
2017-12-19,716.1127
2017-12-20,716.1127
2017-12-21,716.1127
2017-12-22,716.1127
2017-12-23,716.1127
2017-12-24,716.1127
2017-12-25,716.5124
2017-12-26,716.5124
2017-12-27,716.5102
2017-12-28,716.5128
2017-12-29,716.5142
2017-12-30,716.5124
2017-12-31,716.5124
2018-01-01,716.533925
2018-01-02,716.5143
2018-01-03,716.5416
2018-01-04,716.5413
2018-01-05,716.5385
2018-01-06,716.533925
2018-01-07,716.533925
2018-01-08,716.5226
2018-01-09,716.528
2018-01-10,716.1339
2018-01-11,716.1339
2018-01-12,716.2078
2018-01-13,716.30524
2018-01-14,716.30524
2018-01-15,716.2440750000001
2018-01-16,716.2294
2018-01-17,716.2294
2018-01-18,716.2294
2018-01-19,716.2881
2018-01-20,716.2440750000001
2018-01-21,716.2440750000001
2018-01-22,716.2191
2018-01-23,716.2082
2018-01-24,716.2082
2018-01-25,716.282
2018-01-26,716.204
2018-01-27,716.2243000000001
2018-01-28,716.2243000000001
2018-01-29,716.202
2018-01-30,716.202
2018-01-31,716.1997
2018-02-01,716.2047
2018-02-02,716.2047
2018-02-03,716.20262
2018-02-04,716.20262
2018-02-05,716.1278
2018-02-06,716.1322
2018-02-07,716.1322
2018-02-08,716.1255
2018-02-09,716.1193
2018-02-10,716.1274
2018-02-11,716.1274
2018-02-12,716.1199
2018-02-13,716.1199
2018-02-14,716.1199
2018-02-15,716.1199
2018-02-16,716.1199
2018-02-17,716.1199
2018-02-18,716.1199
2018-02-19,716.1265
2018-02-20,716.2243
2018-02-21,716.2111
2018-02-22,716.2714
2018-02-23,716.334
2018-02-24,716.23346
2018-02-25,716.23346
2018-02-26,716.3346
2018-02-27,716.334
2018-02-28,716.334
2018-03-01,716.334
2018-03-02,716.334
2018-03-03,716.33412
2018-03-04,716.33412
2018-03-05,716.33455
2018-03-06,716.3334
2018-03-07,716.3334
2018-03-08,716.3357
2018-03-09,716.3357
2018-03-10,716.33455
2018-03-11,716.33455
2018-03-12,716.3372
2018-03-13,716.3295
2018-03-14,716.3295
2018-03-15,716.3295
2018-03-16,716.3295
2018-03-17,716.33104
2018-03-18,716.33104
2018-03-19,716.3295
2018-03-20,716.3294
2018-03-21,716.3294
2018-03-22,716.3294
2018-03-23,716.3295
2018-03-24,716.32944
2018-03-25,716.32944
2018-03-26,716.3295
2018-03-27,716.3295
2018-03-28,716.3295
2018-03-29,716.3295
2018-03-30,716.3295
2018-03-31,716.3295
2018-04-01,716.3295
2018-04-02,716.37
2018-04-03,716.3295
2018-04-04,716.3835
2018-04-05,716.3835
2018-04-06,716.3835
2018-04-07,716.37
2018-04-08,716.37
2018-04-09,716.3835
2018-04-10,716.3835
2018-04-11,716.3835
2018-04-12,716.3835
2018-04-13,716.3835
2018-04-14,716.3835
2018-04-15,716.3835
2018-04-16,716.3835
2018-04-17,716.3835
2018-04-18,716.2513
2018-04-19,716.2513
2018-04-20,716.2513
2018-04-21,716.30418
2018-04-22,716.30418
2018-04-23,716.3717
2018-04-24,716.2992
2018-04-25,716.6263
2018-04-26,716.5538
2018-04-27,716.5538
2018-04-28,716.4809600000001
2018-04-29,716.4809600000001
2018-04-30,716.8175
2018-05-01,716.8175
2018-05-02,716.8175
2018-05-03,716.8175
2018-05-04,716.8175
2018-05-05,716.8175
2018-05-06,716.8175
2018-05-07,716.8175
2018-05-08,716.8175
2018-05-09,716.8175
2018-05-10,716.8175
2018-05-11,716.8175
2018-05-12,716.8175
2018-05-13,716.8175
2018-05-14,716.8175
2018-05-15,716.8175
2018-05-16,716.8175
2018-05-17,716.8175
2018-05-18,716.8175
2018-05-19,716.8175
2018-05-20,716.8175
2018-05-21,716.8175
2018-05-22,716.8175
2018-05-23,716.8175
2018-05-24,716.8175
2018-05-25,716.8175
2018-05-26,716.8175
2018-05-27,716.8175
2018-05-28,716.8175
2018-05-29,716.8182
2018-05-30,716.8189
2018-05-31,716.8189
2018-06-01,716.8189
2018-06-02,716.81848
2018-06-03,716.81848
2018-06-04,716.8189
2018-06-05,716.8189
2018-06-06,716.8161
2018-06-07,716.8161
2018-06-08,716.8161
2018-06-09,716.81722
2018-06-10,716.81722
2018-06-11,716.8161
2018-06-12,716.8161
2018-06-13,716.8326
2018-06-14,716.8326
2018-06-15,716.82435
2018-06-16,716.82435
2018-06-17,716.82435
2018-06-18,716.412
2018-06-19,716.412
2018-06-20,716.412
2018-06-21,716.412
2018-06-22,716.412
2018-06-23,716.412
2018-06-24,716.412
2018-06-25,716.412
2018-06-26,716.412
2018-06-27,716.412
2018-06-28,716.4022
2018-06-29,716.4022
2018-06-30,716.4080799999999
2018-07-01,716.4080799999999
2018-07-02,716.823
2018-07-03,716.4022
2018-07-04,716.4022
2018-07-05,716.4022
2018-07-06,716.5074
2018-07-07,716.5074
2018-07-08,716.5074
2018-07-09,716.4022
2018-07-10,716.4022
2018-07-11,716.4022
2018-07-12,716.42
2018-07-13,716.42
2018-07-14,716.40932
2018-07-15,716.40932
2018-07-16,716.42
2018-07-17,716.42
2018-07-18,716.42
2018-07-19,716.8572
2018-07-20,716.9846
2018-07-21,716.62036
2018-07-22,716.62036
2018-07-23,716.9846
2018-07-24,716.9846
2018-07-25,716.9846
2018-07-26,716.9846
2018-07-27,716.9846
2018-07-28,716.9846
2018-07-29,716.9846
2018-07-30,716.9846
2018-07-31,716.9846
2018-08-01,716.9846
2018-08-02,716.9846
2018-08-03,716.9846
2018-08-04,716.9846
2018-08-05,716.9846
2018-08-06,716.9846
2018-08-07,716.9846
2018-08-08,716.9846
2018-08-09,716.9846
2018-08-10,717.1053
2018-08-11,717.00874
2018-08-12,717.00874
2018-08-13,717.1053
2018-08-14,717.1053
2018-08-15,717.1053
2018-08-16,717.1053
2018-08-17,717.1602
2018-08-18,717.11628
2018-08-19,717.11628
2018-08-20,717.1602
2018-08-21,717.1602
2018-08-22,717.1602
2018-08-23,717.1602
2018-08-24,717.3054
2018-08-25,717.18924
2018-08-26,717.18924
2018-08-27,717.3054
2018-08-28,717.3054
2018-08-29,717.3054
2018-08-30,717.3054
2018-08-31,717.3054
2018-09-01,717.3054
2018-09-02,717.3054
2018-09-03,717.3054
2018-09-04,717.2767
2018-09-05,717.2767
2018-09-06,717.2767
2018-09-07,717.2767
2018-09-08,717.28244
2018-09-09,717.28244
2018-09-10,717.2767
2018-09-11,717.2944
2018-09-12,717.2944
2018-09-13,717.2944
2018-09-14,717.2944
2018-09-15,717.29086
2018-09-16,717.29086
2018-09-17,717.3185
2018-09-18,717.4168
2018-09-19,717.399
2018-09-20,717.399
2018-09-21,717.399
2018-09-22,717.3864599999999
2018-09-23,717.3864599999999
2018-09-24,717.3264
2018-09-25,717.3264
2018-09-26,718.2208
2018-09-27,718.5784
2018-09-28,718.3478
2018-09-29,717.95996
2018-09-30,717.95996
2018-10-01,718.3573
2018-10-02,718.5746
2018-10-03,718.6232
2018-10-04,719.3216
2018-10-05,719.4329
2018-10-06,718.86192
2018-10-07,718.86192
2018-10-08,719.061
2018-10-09,719.1159
2018-10-10,719.0917
2018-10-11,719.1159
2018-10-12,719.2132
2018-10-13,719.11954
2018-10-14,719.11954
2018-10-15,719.484425
2018-10-16,719.3885
2018-10-17,719.3885
2018-10-18,719.3885
2018-10-19,719.7722
2018-10-20,719.484425
2018-10-21,719.484425
2018-10-22,719.7722
2018-10-23,719.8587
2018-10-24,719.9062
2018-10-25,719.9451
2018-10-26,719.9451
2018-10-27,719.8854600000001
2018-10-28,719.8854600000001
2018-10-29,719.9994
2018-10-30,719.671
2018-10-31,719.9265
2018-11-01,719.9265
2018-11-02,719.9265
2018-11-03,719.88998
2018-11-04,719.88998
2018-11-05,719.9808
2018-11-06,719.9808
2018-11-07,719.9808
2018-11-08,719.9975
2018-11-09,719.9975
2018-11-10,719.98748
2018-11-11,719.98748
2018-11-12,719.9975
2018-11-13,719.9794
2018-11-14,720.1707
2018-11-15,720.2091
2018-11-16,720.4088
2018-11-17,720.1531
2018-11-18,720.1531
2018-11-19,720.6109
2018-11-20,720.4516
2018-11-21,720.4516
2018-11-22,720.4516
2018-11-23,721.4705
2018-11-24,720.68724
2018-11-25,720.68724
2018-11-26,722.5297
2018-11-27,722.584
2018-11-28,723.5579
2018-11-29,723.5579
2018-11-30,722.9756
2018-12-01,723.04102
2018-12-02,723.04102
2018-12-03,723.1675
2018-12-04,723.2758
2018-12-05,724.4772
2018-12-06,723.6632
2018-12-07,722.6123
2018-12-08,723.4392
2018-12-09,723.4392
2018-12-10,722.6123
2018-12-11,723.4781
2018-12-12,721.8937
2018-12-13,721.2341
2018-12-14,720.7813
2018-12-15,721.9999
2018-12-16,721.9999
2018-12-17,720.7813
2018-12-18,720.4252
2018-12-19,720.0962
2018-12-20,720.0962
2018-12-21,720.0962
2018-12-22,720.29902
2018-12-23,720.29902
2018-12-24,719.7693
2018-12-25,719.7693
2018-12-26,719.7693
2018-12-27,719.7693
2018-12-28,719.7693
2018-12-29,719.7693
2018-12-30,719.7693
2018-12-31,719.7693
2019-01-01,719.7693
2019-01-02,719.7693
2019-01-03,719.7693
2019-01-04,719.7693
2019-01-05,719.7693
2019-01-06,719.7693
2019-01-07,719.7693
2019-01-08,719.7693
2019-01-09,719.7693
2019-01-10,719.0395
2019-01-11,719.7693
2019-01-12,719.62334
2019-01-13,719.62334
2019-01-14,719.7693
2019-01-15,719.55305
2019-01-16,719.7693
2019-01-17,719.3368
2019-01-18,719.3368
2019-01-19,719.55305
2019-01-20,719.55305
2019-01-21,719.3368
2019-01-22,719.3368
2019-01-23,720.0505
2019-01-24,719.6391
2019-01-25,719.6391
2019-01-26,719.60046
2019-01-27,719.60046
2019-01-28,719.6391
2019-01-29,719.6946
2019-01-30,719.6946
2019-01-31,719.6946
2019-02-01,719.6946
2019-02-02,719.6835
2019-02-03,719.6835
2019-02-04,719.6946
2019-02-05,719.7851
2019-02-06,719.7851
2019-02-07,719.7851
2019-02-08,719.7851
2019-02-09,719.767
2019-02-10,719.767
2019-02-11,719.8121
2019-02-12,719.8121
2019-02-13,719.8121
2019-02-14,719.829
2019-02-15,719.829
2019-02-16,719.81886
2019-02-17,719.81886
2019-02-18,719.8344
2019-02-19,719.8344
2019-02-20,719.8344
2019-02-21,719.8344
2019-02-22,719.8439
2019-02-23,719.8362999999999
2019-02-24,719.8362999999999
2019-02-25,719.8932
2019-02-26,719.8932
2019-02-27,719.8932
2019-02-28,719.8932
2019-03-01,719.8932
2019-03-02,719.8932
2019-03-03,719.8932
2019-03-04,719.8932
2019-03-05,719.8932
2019-03-06,719.8932
2019-03-07,719.8932
2019-03-08,719.8932
2019-03-09,719.8932
2019-03-10,719.8932
2019-03-11,719.8932
2019-03-12,719.8932
2019-03-13,719.8932
2019-03-14,719.8932
2019-03-15,719.8932
2019-03-16,719.8932
2019-03-17,719.8932
2019-03-18,719.9594
2019-03-19,719.9594
2019-03-20,720.0706
2019-03-21,720.2965
2019-03-22,720.5789
2019-03-23,720.17296
2019-03-24,720.17296
2019-03-25,720.7446
2019-03-26,721.1229
2019-03-27,721.4901
2019-03-28,721.4901
2019-03-29,721.5441
2019-03-30,721.27836
2019-03-31,721.27836
2019-04-01,721.4901
2019-04-02,721.6531
2019-04-03,721.7489
2019-04-04,721.9669
2019-04-05,722.7349
2019-04-06,721.91878
2019-04-07,721.91878
2019-04-08,723.0048
2019-04-09,723.3946
2019-04-10,723.6392
2019-04-11,724.1436
2019-04-12,723.8734
2019-04-13,723.6111199999999
2019-04-14,723.6111199999999
2019-04-15,724.3303
2019-04-16,724.3641
2019-04-17,724.472
2019-04-18,724.58
2019-04-19,724.4366
2019-04-20,724.4366
2019-04-21,724.4366
2019-04-22,725.656425
2019-04-23,725.3584
2019-04-24,725.5456
2019-04-25,725.7521
2019-04-26,725.9696
2019-04-27,725.656425
2019-04-28,725.656425
2019-04-29,726.0237
2019-04-30,726.0237
2019-05-01,726.102325
2019-05-02,726.0237
2019-05-03,726.3382
2019-05-04,726.102325
2019-05-05,726.102325
2019-05-06,726.3382
2019-05-07,726.6367
2019-05-08,726.6367
2019-05-09,726.5302
2019-05-10,726.8636
2019-05-11,726.60108
2019-05-12,726.60108
2019-05-13,727.5532
2019-05-14,729.0143
2019-05-15,728.7643
2019-05-16,729.6028
2019-05-17,730.1369
2019-05-18,729.0143
2019-05-19,729.0143
2019-05-20,732.409
2019-05-21,732.886
2019-05-22,733.3193
2019-05-23,733.4883
2019-05-24,734.692
2019-05-25,733.35892
2019-05-26,733.35892
2019-05-27,735.1308
2019-05-28,735.7254
2019-05-29,736.1062
2019-05-30,738.2877
2019-05-31,739.6931
2019-06-01,736.9886399999999
2019-06-02,736.9886399999999
2019-06-03,741.0805
2019-06-04,743.1315
2019-06-05,743.46965
2019-06-06,744.3717
2019-06-07,745.2949
2019-06-08,743.46965
2019-06-09,743.46965
2019-06-10,745.1229
2019-06-11,749.0849
2019-06-12,754.6057
2019-06-13,755.0709
2019-06-14,756.2711
2019-06-15,752.0310999999999
2019-06-16,752.0310999999999
2019-06-17,758.7275
2019-06-18,759.1995
2019-06-19,761.4275
2019-06-20,761.8177
2019-06-21,767.8161
2019-06-22,761.79766
2019-06-23,761.79766
2019-06-24,766.751
2019-06-25,766.9515
2019-06-26,765.9491
2019-06-27,764.8499
2019-06-28,764.2345
2019-06-29,765.7472
2019-06-30,765.7472
2019-07-01,764.2299
2019-07-02,764.9191
2019-07-03,765.5693
2019-07-04,765.592
2019-07-05,764.8676
2019-07-06,765.03558
2019-07-07,765.03558
2019-07-08,765.07975
2019-07-09,765.5002
2019-07-10,765.5002
2019-07-11,765.3905
2019-07-12,763.9281
2019-07-13,765.07975
2019-07-14,765.07975
2019-07-15,762.6479
2019-07-16,762.2955
2019-07-17,761.1306
2019-07-18,759.7154
2019-07-19,757.179
2019-07-20,760.59368
2019-07-21,760.59368
2019-07-22,752.7835
2019-07-23,748.0063
2019-07-24,747.1602
2019-07-25,743.3568
2019-07-26,740.8479
2019-07-27,746.43094
2019-07-28,746.43094
2019-07-29,738.0198
2019-07-30,736.0225
2019-07-31,734.3984
2019-08-01,731.4826
2019-08-02,730.4957
2019-08-03,734.0838000000001
2019-08-04,734.0838000000001
2019-08-05,728.8977
2019-08-06,728.0182
2019-08-07,727.6891
2019-08-08,726.3462
2019-08-09,725.7022
2019-08-10,727.33068
2019-08-11,727.33068
2019-08-12,723.7153
2019-08-13,723.7153
2019-08-14,723.4977
2019-08-15,722.6423
2019-08-16,722.2144
2019-08-17,723.1569999999999
2019-08-18,723.1569999999999
2019-08-19,722.0537
2019-08-20,721.5528
2019-08-21,721.8683
2019-08-22,721.6524
2019-08-23,721.6354
2019-08-24,721.75252
2019-08-25,721.75252
2019-08-26,721.6524
2019-08-27,721.6524
2019-08-28,721.6524
2019-08-29,721.6524
2019-08-30,721.6524
2019-08-31,721.6524
2019-09-01,721.6524
2019-09-02,721.6524
2019-09-03,721.6524
2019-09-04,721.6524
2019-09-05,721.9973
2019-09-06,721.9973
2019-09-07,721.79036
2019-09-08,721.79036
2019-09-09,721.9973
2019-09-10,721.9973
2019-09-11,722.7306
2019-09-12,722.7306
2019-09-13,722.7306
2019-09-14,722.43728
2019-09-15,722.43728
2019-09-16,728.3475
2019-09-17,728.327
2019-09-18,728.327
2019-09-19,728.327
2019-09-20,728.327
2019-09-21,728.3311
2019-09-22,728.3311
2019-09-23,728.327
2019-09-24,728.327
2019-09-25,728.1786
2019-09-26,727.9607
2019-09-27,727.5757
2019-09-28,728.0737999999999
2019-09-29,728.0737999999999
2019-09-30,727.5158
2019-10-01,727.1922
2019-10-02,727.1922
2019-10-03,727.1922
2019-10-04,727.1784
2019-10-05,727.25416
2019-10-06,727.25416
2019-10-07,727.1784
2019-10-08,727.1784
2019-10-09,727.1784
2019-10-10,727.1784
2019-10-11,727.1784
2019-10-12,727.1784
2019-10-13,727.1784
2019-10-14,727.1784
2019-10-15,727.21285
2019-10-16,727.1784
2019-10-17,727.2473
2019-10-18,727.2473
2019-10-19,727.21285
2019-10-20,727.21285
2019-10-21,727.2473
2019-10-22,727.3573
2019-10-23,727.3573
2019-10-24,727.3573
2019-10-25,727.3573
2019-10-26,727.3353
2019-10-27,727.3353
2019-10-28,727.3573
2019-10-29,727.4662
2019-10-30,727.4662
2019-10-31,727.4662
2019-11-01,727.4662
2019-11-02,727.44442
2019-11-03,727.44442
2019-11-04,727.4662
2019-11-05,727.4662
2019-11-06,727.4662
2019-11-07,727.4662
2019-11-08,727.4662
2019-11-09,727.4662
2019-11-10,727.4662
2019-11-11,727.4662
2019-11-12,727.4662
2019-11-13,727.7113
2019-11-14,727.8475
2019-11-15,727.9024
2019-11-16,727.67872
2019-11-17,727.67872
2019-11-18,728.0637
2019-11-19,728.3039
2019-11-20,728.6818
2019-11-21,728.9322
2019-11-22,729.1462
2019-11-23,728.6255600000001
2019-11-24,728.6255600000001
2019-11-25,729.6699
2019-11-26,729.0779
2019-11-27,728.9551
2019-11-28,728.9551
2019-11-29,728.9551
2019-11-30,729.12262
2019-12-01,729.12262
2019-12-02,728.9551
2019-12-03,728.9551
2019-12-04,728.9551
2019-12-05,728.9551
2019-12-06,728.9551
2019-12-07,728.9551
2019-12-08,728.9551
2019-12-09,728.9551
2019-12-10,728.9551
2019-12-11,728.9551
2019-12-12,728.9551
2019-12-13,729.1112
2019-12-14,728.98632
2019-12-15,728.98632
2019-12-16,729.1112
2019-12-17,729.1112
2019-12-18,729.1112
2019-12-19,729.1112
2019-12-20,729.1112
2019-12-21,729.1112
2019-12-22,729.1112
2019-12-23,729.1112
2019-12-24,729.1112
2019-12-25,729.1112
2019-12-26,729.1112
2019-12-27,729.1112
2019-12-28,729.1112
2019-12-29,729.1112
2019-12-30,729.1112
2019-12-31,729.1112
2020-01-01,729.1112
2020-01-02,729.1112
2020-01-03,729.1112
2020-01-04,729.1112
2020-01-05,729.1112
2020-01-06,729.1112
2020-01-07,729.1112
2020-01-08,729.1112
2020-01-09,729.1112
2020-01-10,729.1112
2020-01-11,729.1112
2020-01-12,729.1112
2020-01-13,729.1112
2020-01-14,729.1112
2020-01-15,729.1112
2020-01-16,729.1112
2020-01-17,729.1112
2020-01-18,729.1112
2020-01-19,729.1112
2020-01-20,729.1112
2020-01-21,729.1112
2020-01-22,729.2282
2020-01-23,729.2283
2020-01-24,729.2283
2020-01-25,729.1814400000001
2020-01-26,729.1814400000001
2020-01-27,729.2283
2020-01-28,729.2283
2020-01-29,729.2283
2020-01-30,729.2283
2020-01-31,729.2283
2020-02-01,729.2283
2020-02-02,729.2283
2020-02-03,729.2283
2020-02-04,729.2283
2020-02-05,729.2283
2020-02-06,729.2283
2020-02-07,729.2283
2020-02-08,729.2283
2020-02-09,729.2283
2020-02-10,729.2283
2020-02-11,729.2283
2020-02-12,729.2283
2020-02-13,729.2283
2020-02-14,729.2283
2020-02-15,729.2283
2020-02-16,729.2283
2020-02-17,729.2283
2020-02-18,729.2827
2020-02-19,729.2827
2020-02-20,729.2827
2020-02-21,729.2882
2020-02-22,729.27292
2020-02-23,729.27292
2020-02-24,729.2882
2020-02-25,729.2882
2020-02-26,729.2882
2020-02-27,729.2882
2020-02-28,729.2882
2020-02-29,729.2882
2020-03-01,729.2882
2020-03-02,729.2882
2020-03-03,729.2882
2020-03-04,729.2882
2020-03-05,729.2882
2020-03-06,729.2882
2020-03-07,729.2882
2020-03-08,729.2882
2020-03-09,729.2882
2020-03-10,729.2882
2020-03-11,729.2882
2020-03-12,729.2882
2020-03-13,729.2882
2020-03-14,729.2882
2020-03-15,729.2882
2020-03-16,729.2882
2020-03-17,729.2882
2020-03-18,729.2854
2020-03-19,729.2854
2020-03-20,729.2882
2020-03-21,729.28708
2020-03-22,729.28708
2020-03-23,729.2882
2020-03-24,729.2882
2020-03-25,729.2882
2020-03-26,729.2882
2020-03-27,729.2882
2020-03-28,729.2882
2020-03-29,729.2882
2020-03-30,729.2882
2020-03-31,729.2882
2020-04-01,729.1495
2020-04-02,729.1495
2020-04-03,729.1495
2020-04-04,729.20498
2020-04-05,729.20498
2020-04-06,729.1495
2020-04-07,729.1495
2020-04-08,729.1495
2020-04-09,729.1495
2020-04-10,729.1495
2020-04-11,729.1495
2020-04-12,729.1495
2020-04-13,729.1495
2020-04-14,729.1495
2020-04-15,729.1495
2020-04-16,729.1495
2020-04-17,729.1495
2020-04-18,729.1495
2020-04-19,729.1495
2020-04-20,729.1495
2020-04-21,729.1495
2020-04-22,729.1495
2020-04-23,729.1495
2020-04-24,729.1495
2020-04-25,729.1495
2020-04-26,729.1495
2020-04-27,729.1495
2020-04-28,729.1495
2020-04-29,729.1495
2020-04-30,729.1495
2020-05-01,729.1495
2020-05-02,729.1495
2020-05-03,729.1495
2020-05-04,729.1495
2020-05-05,729.2721
2020-05-06,729.2721
2020-05-07,729.2721
2020-05-08,729.2721
2020-05-09,729.24758
2020-05-10,729.24758
2020-05-11,729.2721
2020-05-12,729.2721
2020-05-13,729.2721
2020-05-14,729.2721
2020-05-15,729.2721
2020-05-16,729.2721
2020-05-17,729.2721
2020-05-18,729.2721
2020-05-19,729.2721
2020-05-20,729.2721
2020-05-21,729.2721
2020-05-22,729.2721
2020-05-23,729.2721
2020-05-24,729.2721
2020-05-25,729.3897
2020-05-26,729.2721
2020-05-27,729.2721
2020-05-28,729.2721
2020-05-29,729.7425
2020-05-30,729.3897
2020-05-31,729.3897
2020-06-01,729.7425
2020-06-02,729.7425
2020-06-03,729.7425
2020-06-04,729.7425
2020-06-05,729.7425
2020-06-06,729.7425
2020-06-07,729.7425
2020-06-08,729.7425
2020-06-09,729.7425
2020-06-10,729.7425
2020-06-11,729.7425
2020-06-12,729.7689
2020-06-13,729.7477799999999
2020-06-14,729.7477799999999
2020-06-15,729.7689
2020-06-16,729.7689
2020-06-17,729.7689
2020-06-18,729.7689
2020-06-19,729.7689
2020-06-20,729.7689
2020-06-21,729.7689
2020-06-22,729.7689
2020-06-23,729.8921
2020-06-24,729.8921
2020-06-25,729.8923
2020-06-26,729.8923
2020-06-27,729.86754
2020-06-28,729.86754
2020-06-29,729.8923
2020-06-30,729.8923
2020-07-01,729.8923
2020-07-02,729.8923
2020-07-03,729.8923
2020-07-04,729.8923
2020-07-05,729.8923
2020-07-06,729.8923
2020-07-07,729.8923
2020-07-08,729.8923
2020-07-09,729.8923
2020-07-10,729.8923
2020-07-11,729.8923
2020-07-12,729.8923
2020-07-13,729.8923
2020-07-14,729.8923
2020-07-15,729.8923
2020-07-16,729.8923
2020-07-17,730.1149
2020-07-18,729.93682
2020-07-19,729.93682
2020-07-20,730.6471
2020-07-21,730.7912
2020-07-22,731.221
2020-07-23,731.5951
2020-07-24,733.2337
2020-07-25,731.49762
2020-07-26,731.49762
2020-07-27,734.7229
2020-07-28,734.9876
2020-07-29,734.9753
2020-07-30,735.0038
2020-07-31,735.0038
2020-08-01,734.93868
2020-08-02,734.93868
2020-08-03,735.0038
2020-08-04,735.0038
2020-08-05,735.0038
2020-08-06,735.0317
2020-08-07,735.0193
2020-08-08,735.01248
2020-08-09,735.01248
2020-08-10,735.0193
2020-08-11,735.0193
2020-08-12,735.0193
2020-08-13,735.7155
2020-08-14,737.6423
2020-08-15,735.68314
2020-08-16,735.68314
2020-08-17,740.2069
2020-08-18,740.9345
2020-08-19,741.3555
2020-08-20,741.3555
2020-08-21,741.3678
2020-08-22,741.04404
2020-08-23,741.04404
2020-08-24,741.0461
2020-08-25,741.1074
2020-08-26,741.1074
2020-08-27,741.1074
2020-08-28,741.1074
2020-08-29,741.09514
2020-08-30,741.09514
2020-08-31,741.1074
2020-09-01,741.1074
2020-09-02,741.1074
2020-09-03,741.1074
2020-09-04,741.3524
2020-09-05,741.1564000000001
2020-09-06,741.1564000000001
2020-09-07,741.5976
2020-09-08,742.1497
2020-09-09,742.4535
2020-09-10,742.4535
2020-09-11,742.4535
2020-09-12,742.22156
2020-09-13,742.22156
2020-09-14,742.823
2020-09-15,743.3768
2020-09-16,743.9296
2020-09-17,743.9296
2020-09-18,743.9296
2020-09-19,743.59772
2020-09-20,743.59772
2020-09-21,743.9296
2020-09-22,743.9296
2020-09-23,743.9296
2020-09-24,743.9296
2020-09-25,743.9296
2020-09-26,743.9296
2020-09-27,743.9296
2020-09-28,743.9296
2020-09-29,743.9296
2020-09-30,743.9296
2020-10-01,743.9296
2020-10-02,743.9296
2020-10-03,743.9296
2020-10-04,743.9296
2020-10-05,743.9296
2020-10-06,743.9296
2020-10-07,743.9296
2020-10-08,743.9296
2020-10-09,744.9151
2020-10-10,744.1267
2020-10-11,744.1267
2020-10-12,745.65
2020-10-13,745.8975
2020-10-14,745.8975
2020-10-15,745.835625
2020-10-16,745.8975
2020-10-17,745.835625
2020-10-18,745.835625
2020-10-19,745.8975
2020-10-20,745.8975
2020-10-21,745.8975
2020-10-22,745.8975
2020-10-23,745.8975
2020-10-24,745.8975
2020-10-25,745.8975
2020-10-26,747.1165
2020-10-27,747.8537
2020-10-28,747.8537
2020-10-29,747.8537
2020-10-30,747.8537
2020-10-31,747.70626
2020-11-01,747.70626
2020-11-02,747.8537
2020-11-03,747.8537
2020-11-04,747.8537
2020-11-05,747.8537
2020-11-06,747.8537
2020-11-07,747.8537
2020-11-08,747.8537
2020-11-09,748.5926
2020-11-10,750.793
2020-11-11,750.793
2020-11-12,750.793
2020-11-13,750.793
2020-11-14,750.35292
2020-11-15,750.35292
2020-11-16,750.793
2020-11-17,750.793
2020-11-18,750.793
2020-11-19,750.793
2020-11-20,750.793
2020-11-21,750.793
2020-11-22,750.793
2020-11-23,750.793
2020-11-24,750.793
2020-11-25,750.793
2020-11-26,750.793
2020-11-27,750.793
2020-11-28,750.793
2020-11-29,750.793
2020-11-30,753.0002
2020-12-01,753.7388
2020-12-02,753.7388
2020-12-03,753.7388
2020-12-04,753.7388
2020-12-05,753.5910799999999
2020-12-06,753.5910799999999
2020-12-07,753.7388
2020-12-08,753.7388
2020-12-09,753.7388
2020-12-10,754.1101
2020-12-11,754.1101
2020-12-12,753.88732
2020-12-13,753.88732
2020-12-14,755.5809
2020-12-15,756.3198
2020-12-16,756.6875
2020-12-17,756.6875
2020-12-18,756.6875
2020-12-19,756.39264
2020-12-20,756.39264
2020-12-21,756.6875
2020-12-22,756.6875
2020-12-23,757.0525
2020-12-24,758.9019
2020-12-25,759.1666285714285
2020-12-26,759.1666285714285
2020-12-27,759.1666285714285
2020-12-28,759.1666285714285
2020-12-29,759.2778
2020-12-30,762.3538
2020-12-31,763.2054
2021-01-01,763.5686
2021-01-02,763.5686
2021-01-03,763.5686
2021-01-04,763.5686
2021-01-05,763.5686
2021-01-06,763.5686
2021-01-07,763.5686
2021-01-08,763.5686
2021-01-09,763.5686
2021-01-10,763.5686
2021-01-11,763.5686
2021-01-12,763.5686
2021-01-13,763.5686
2021-01-14,763.5686
2021-01-15,763.5686
2021-01-16,763.5686
2021-01-17,763.5686
2021-01-18,763.5686
2021-01-19,763.5686
2021-01-20,763.5686
2021-01-21,763.5686
2021-01-22,763.5686
2021-01-23,763.5686
2021-01-24,763.5686
2021-01-25,763.5686
2021-01-26,763.5686
2021-01-27,763.5686
2021-01-28,763.5686
2021-01-29,763.5686
2021-01-30,763.5686
2021-01-31,763.5686
2021-02-01,763.5686
2021-02-02,763.5686
2021-02-03,763.5686
2021-02-04,763.5686
2021-02-05,766.1374
2021-02-06,764.08236
2021-02-07,764.08236
2021-02-08,766.505
2021-02-09,766.505
2021-02-10,766.505
2021-02-11,766.505
2021-02-12,766.505
2021-02-13,766.505
2021-02-14,766.505
2021-02-15,766.505
2021-02-16,766.505
2021-02-17,769.1045
2021-02-18,769.596
2021-02-19,769.596
2021-02-20,768.2613
2021-02-21,768.2613
2021-02-22,769.5774
2021-02-23,769.5774
2021-02-24,772.4076
2021-02-25,772.4076
2021-02-26,772.4076
2021-02-27,771.2755199999999
2021-02-28,771.2755199999999
2021-03-01,772.4076
2021-03-02,772.4076
2021-03-03,772.4076
2021-03-04,772.4076
2021-03-05,772.4076
2021-03-06,772.4076
2021-03-07,772.4076
2021-03-08,772.4076
2021-03-09,772.6527
2021-03-10,774.3733
2021-03-11,774.3733
2021-03-12,774.3733
2021-03-13,773.63604
2021-03-14,773.63604
2021-03-15,774.3733
2021-03-16,774.3733
2021-03-17,774.3733
2021-03-18,774.3733
2021-03-19,774.3733
2021-03-20,774.3733
2021-03-21,774.3733
2021-03-22,774.3733
2021-03-23,774.3733
2021-03-24,774.3733
2021-03-25,774.4959
2021-03-26,775.351
2021-03-27,774.5933600000001
2021-03-28,774.5933600000001
2021-03-29,776.3391
2021-03-30,776.3391
2021-03-31,776.3391
2021-04-01,776.3391
2021-04-02,776.3391
2021-04-03,776.3391
2021-04-04,776.3391
2021-04-05,776.3391
2021-04-06,776.3391
2021-04-07,776.3391
2021-04-08,776.3391
2021-04-09,776.3391
2021-04-10,776.3391
2021-04-11,776.3391
2021-04-12,776.3391
2021-04-13,776.3391
2021-04-14,776.3391
2021-04-15,776.3391
2021-04-16,779.4941
2021-04-17,776.9701
2021-04-18,776.9701
2021-04-19,781.3363
2021-04-20,781.3363
2021-04-21,781.3363
2021-04-22,781.3363
2021-04-23,781.704
2021-04-24,781.40984
2021-04-25,781.40984
2021-04-26,782.0753
2021-04-27,784.3198
2021-04-28,784.3198
2021-04-29,784.3198
2021-04-30,784.3198
2021-05-01,783.8709
2021-05-02,783.8709
2021-05-03,784.566125
2021-05-04,784.3198
2021-05-05,784.3198
2021-05-06,784.3198
2021-05-07,785.3051
2021-05-08,784.566125
2021-05-09,784.566125
2021-05-10,788.2566
2021-05-11,788.2566
2021-05-12,788.2566
2021-05-13,788.2566
2021-05-14,788.2566
2021-05-15,788.2566
2021-05-16,788.2566
2021-05-17,788.2566
2021-05-18,788.2566
2021-05-19,788.2566
2021-05-20,788.2566
2021-05-21,788.2566
2021-05-22,788.2566
2021-05-23,788.2566
2021-05-24,788.2566
2021-05-25,788.2566
2021-05-26,788.2566
2021-05-27,788.2566
2021-05-28,788.2566
2021-05-29,788.2566
2021-05-30,788.2566
2021-05-31,788.2566
2021-06-01,788.2566
2021-06-02,788.2566
2021-06-03,788.2566
2021-06-04,788.2566
2021-06-05,788.2566
2021-06-06,788.2566
2021-06-07,788.2566
2021-06-08,788.2566
2021-06-09,788.8694
2021-06-10,793.123
2021-06-11,793.7358
2021-06-12,790.4482800000001
2021-06-13,790.4482800000001
2021-06-14,793.7358
2021-06-15,793.7358
2021-06-16,793.7358
2021-06-17,793.7358
2021-06-18,793.7358
2021-06-19,793.7358
2021-06-20,793.7358
2021-06-21,797.206
2021-06-22,797.6962
2021-06-23,797.6962
2021-06-24,797.6962
2021-06-25,797.6962
2021-06-26,797.59816
2021-06-27,797.59816
2021-06-28,797.6962
2021-06-29,797.6962
2021-06-30,797.6962
2021-07-01,797.6962
2021-07-02,797.6962
2021-07-03,797.6962
2021-07-04,797.6962
2021-07-05,801.1094
2021-07-06,801.35455
2021-07-07,801.1094
2021-07-08,801.5997
2021-07-09,801.5997
2021-07-10,801.35455
2021-07-11,801.35455
2021-07-12,801.5997
2021-07-13,801.5997
2021-07-14,801.5997
2021-07-15,801.5997
2021-07-16,801.5997
2021-07-17,801.5997
2021-07-18,801.5997
2021-07-19,801.5997
2021-07-20,801.5997
2021-07-21,801.5997
2021-07-22,801.5997
2021-07-23,801.5997
2021-07-24,801.5997
2021-07-25,801.5997
2021-07-26,801.5997
2021-07-27,801.971
2021-07-28,804.5473
2021-07-29,804.5473
2021-07-30,804.5473
2021-07-31,803.44252
2021-08-01,803.44252
2021-08-02,804.5473
2021-08-03,804.5473
2021-08-04,804.5473
2021-08-05,804.5473
2021-08-06,804.5473
2021-08-07,804.5473
2021-08-08,804.5473
2021-08-09,804.5473
2021-08-10,804.5473
2021-08-11,804.5473
2021-08-12,804.5473
2021-08-13,804.5473
2021-08-14,804.5473
2021-08-15,804.5473
2021-08-16,804.5473
2021-08-17,804.5473
2021-08-18,804.5473
2021-08-19,804.9829
2021-08-20,804.5473
2021-08-21,804.63442
2021-08-22,804.63442
2021-08-23,804.9829
2021-08-24,804.5473
2021-08-25,804.5473
2021-08-26,804.5473
2021-08-27,804.5473
2021-08-28,804.63442
2021-08-29,804.63442
2021-08-30,804.5473
2021-08-31,804.5473
2021-09-01,804.5473
2021-09-02,804.5473
2021-09-03,804.5473
2021-09-04,804.5473
2021-09-05,804.5473
2021-09-06,804.5473
2021-09-07,804.5473
2021-09-08,804.5473
2021-09-09,804.5473
2021-09-10,804.5473
2021-09-11,804.5473
2021-09-12,804.5473
2021-09-13,804.5473
2021-09-14,804.5473
2021-09-15,804.5473
2021-09-16,805.4089
2021-09-17,805.5315
2021-09-18,804.91646
2021-09-19,804.91646
2021-09-20,805.5315
2021-09-21,807.4999
2021-09-22,807.4999
2021-09-23,807.506
2021-09-24,807.506
2021-09-25,807.1086600000001
2021-09-26,807.1086600000001
2021-09-27,807.506
2021-09-28,807.506
2021-09-29,807.506
2021-09-30,807.506
2021-10-01,807.506
2021-10-02,807.506
2021-10-03,807.506
2021-10-04,807.506
2021-10-05,807.506
2021-10-06,807.506
2021-10-07,807.506
2021-10-08,807.506
2021-10-09,807.506
2021-10-10,807.506
2021-10-11,807.506
2021-10-12,807.506
2021-10-13,807.506
2021-10-14,807.506
2021-10-15,807.506
2021-10-16,807.506
2021-10-17,807.506
2021-10-18,807.506
2021-10-19,807.506
2021-10-20,807.506
2021-10-21,807.506
2021-10-22,807.506
2021-10-23,807.506
2021-10-24,807.506
2021-10-25,807.506
2021-10-26,807.506
2021-10-27,807.506
2021-10-28,807.506
2021-10-29,807.506
2021-10-30,807.506
2021-10-31,807.506
2021-11-01,807.506
2021-11-02,807.506
2021-11-03,807.506
2021-11-04,807.506
2021-11-05,807.506
2021-11-06,807.506
2021-11-07,807.506
2021-11-08,807.506
2021-11-09,807.506
2021-11-10,807.506
2021-11-11,807.506
2021-11-12,807.506
2021-11-13,807.506
2021-11-14,807.506
2021-11-15,807.506
2021-11-16,808.1808
2021-11-17,808.3178
2021-11-18,808.3178
2021-11-19,808.3178
2021-11-20,808.1280399999999
2021-11-21,808.1280399999999
2021-11-22,808.3178
2021-11-23,808.3178
2021-11-24,808.3178
2021-11-25,808.3178
2021-11-26,808.3178
2021-11-27,808.3178
2021-11-28,808.3178
2021-11-29,808.3178
2021-11-30,808.3178
2021-12-01,808.3178
2021-12-02,808.3178
2021-12-03,808.3178
2021-12-04,808.3178
2021-12-05,808.3178
2021-12-06,808.3178
2021-12-07,808.3178
2021-12-08,808.3178
2021-12-09,808.3178
2021-12-10,808.3178
2021-12-11,808.3178
2021-12-12,808.3178
2021-12-13,808.3178
2021-12-14,808.3178
2021-12-15,808.3178
2021-12-16,808.3178
2021-12-17,808.3178
2021-12-18,808.3178
2021-12-19,808.3178
2021-12-20,808.3178
2021-12-21,808.3178
2021-12-22,808.3178
2021-12-23,808.3178
2021-12-24,808.3178
2021-12-25,808.3178
2021-12-26,808.3178
2021-12-27,808.3178000000001
2021-12-28,808.3178000000001
2021-12-29,808.3178
2021-12-30,808.3178
2021-12-31,808.3178
2022-01-01,808.3178
2022-01-02,808.3178
2022-01-03,808.3178
2022-01-04,808.3178
2022-01-05,808.3178
2022-01-06,808.3178
2022-01-07,808.3178
2022-01-08,808.3178
2022-01-09,808.3178
2022-01-10,808.3178
2022-01-11,808.3178
2022-01-12,808.3178
2022-01-13,808.3178
2022-01-14,808.3178
2022-01-15,808.3178
2022-01-16,808.3178
2022-01-17,808.3178
2022-01-18,808.3178
2022-01-19,808.3178
2022-01-20,808.3178
2022-01-21,808.3178
2022-01-22,808.3178
2022-01-23,808.3178
2022-01-24,808.3178
2022-01-25,808.3178
2022-01-26,808.3178
2022-01-27,808.3178
2022-01-28,808.3178
2022-01-29,808.3178
2022-01-30,808.3178
2022-01-31,808.3178
2022-02-01,808.3178
2022-02-02,808.3178
2022-02-03,808.3178
2022-02-04,808.3178
2022-02-05,808.3178
2022-02-06,808.3178
2022-02-07,808.3178
2022-02-08,808.3178
2022-02-09,808.3178
2022-02-10,808.3178
2022-02-11,808.3178
2022-02-12,808.3178
2022-02-13,808.3178
2022-02-14,808.3178
2022-02-15,808.3178
2022-02-16,808.3178
2022-02-17,808.3178
2022-02-18,808.3178
2022-02-19,808.3178
2022-02-20,808.3178
2022-02-21,808.3178
2022-02-22,808.3178
2022-02-23,808.3178
2022-02-24,808.3178
2022-02-25,808.3178
2022-02-26,808.3178
2022-02-27,808.3178
2022-02-28,808.3178
2022-03-01,808.3178
2022-03-02,808.3178
2022-03-03,808.3178
2022-03-04,808.3178
2022-03-05,808.3178
2022-03-06,808.3178
2022-03-07,808.3178
2022-03-08,808.3178
2022-03-09,808.3178
2022-03-10,808.3178
2022-03-11,808.3178
2022-03-12,808.3178
2022-03-13,808.3178
2022-03-14,808.3178
2022-03-15,808.3178
2022-03-16,808.3178
2022-03-17,808.3178
2022-03-18,808.3178
2022-03-19,808.3178
2022-03-20,808.3178
2022-03-21,808.3178
2022-03-22,808.3178
2022-03-23,808.3178
2022-03-24,808.3178
2022-03-25,808.3178
2022-03-26,808.3178
2022-03-27,808.3178
2022-03-28,808.3178
2022-03-29,808.3178
2022-03-30,808.3178
2022-03-31,808.3178
2022-04-01,808.5929
2022-04-02,808.37282
2022-04-03,808.37282
2022-04-04,808.5929
2022-04-05,808.7596
2022-04-06,808.7596
2022-04-07,808.7997
2022-04-08,808.7997
2022-04-09,808.7423
2022-04-10,808.7423
2022-04-11,808.7997
2022-04-12,808.7997
2022-04-13,808.7997
2022-04-14,808.7997
2022-04-15,808.7997
2022-04-16,808.7997
2022-04-17,808.7997
2022-04-18,808.7997
2022-04-19,808.7997
2022-04-20,808.7997
2022-04-21,808.7997
2022-04-22,808.7997
2022-04-23,808.7997
2022-04-24,808.7997
2022-04-25,808.7997
2022-04-26,808.7997
2022-04-27,808.7997
2022-04-28,808.7997
2022-04-29,808.7997
2022-04-30,808.7997
2022-05-01,808.7997
2022-05-02,808.7997
2022-05-03,808.7997
2022-05-04,808.7997
2022-05-05,808.7997
2022-05-06,808.7997
2022-05-07,808.7997
2022-05-08,808.7997
2022-05-09,808.7997
2022-05-10,808.7997
2022-05-11,808.7997
2022-05-12,808.7997
2022-05-13,808.7997
2022-05-14,808.7997
2022-05-15,808.7997
2022-05-16,808.7997
2022-05-17,808.7997
2022-05-18,808.7997
2022-05-19,808.7997
2022-05-20,808.7997
2022-05-21,808.7997
2022-05-22,808.7997
2022-05-23,808.7997
2022-05-24,808.7997
2022-05-25,808.7997
2022-05-26,808.7997
2022-05-27,1011.8053
2022-05-28,849.4008200000001
2022-05-29,849.4008200000001
2022-05-30,1011.9589
2022-05-31,1011.9512
2022-06-01,1011.9512
2022-06-02,1011.9512
2022-06-03,1011.9512
2022-06-04,1011.95274
2022-06-05,1011.95274
2022-06-06,1011.9512
2022-06-07,1011.9512
2022-06-08,1012.1555
2022-06-09,1012.1555
2022-06-10,1011.9895
2022-06-11,1012.0405800000001
2022-06-12,1012.0405800000001
2022-06-13,1011.9895
2022-06-14,1011.9895
2022-06-15,1011.9895
2022-06-16,1011.9895
2022-06-17,1011.9895
2022-06-18,1011.9895
2022-06-19,1011.9895
2022-06-20,1011.9895
2022-06-21,1011.9895
2022-06-22,1011.9895
2022-06-23,1011.9895
2022-06-24,1011.9895
2022-06-25,1011.9895
2022-06-26,1011.9895
2022-06-27,1011.9895
2022-06-28,1016.6837
2022-06-29,1016.6837
2022-06-30,1016.6837
2022-07-01,1016.6837
2022-07-02,1015.74486
2022-07-03,1015.74486
2022-07-04,1016.6837
2022-07-05,1016.6837
2022-07-06,1016.6837
2022-07-07,1016.6837
2022-07-08,1016.6837
2022-07-09,1016.6837
2022-07-10,1016.6837
2022-07-11,1016.6837
2022-07-12,1016.6837
2022-07-13,1016.6837
2022-07-14,1016.6837
2022-07-15,1016.6837
2022-07-16,1016.6836999999999
2022-07-17,1016.6836999999999
2022-07-18,1016.6837
2022-07-19,1016.6837
2022-07-20,1016.6837
2022-07-21,1016.6837
2022-07-22,1016.6837
2022-07-23,1016.6836999999999
2022-07-24,1016.6836999999999
2022-07-25,1016.6837
2022-07-26,1016.6837
2022-07-27,1016.6837
2022-07-28,1016.6837
2022-07-29,1016.6837
2022-07-30,1016.6836999999999
2022-07-31,1016.6836999999999
2022-08-01,1016.6837
2022-08-02,1016.6837
2022-08-03,1016.6837
2022-08-04,1016.6837
2022-08-05,1016.6837
2022-08-06,1016.6836999999999
2022-08-07,1016.6836999999999
2022-08-08,1016.6837
2022-08-09,1016.6837
2022-08-10,1016.6837
2022-08-11,1016.6837
2022-08-12,1016.6837
2022-08-13,1016.6836999999999
2022-08-14,1016.6836999999999
2022-08-15,1016.6837
2022-08-16,1016.6837
2022-08-17,1016.6837
2022-08-18,1016.6837
2022-08-19,1016.6211
2022-08-20,1016.67118
2022-08-21,1016.67118
2022-08-22,1016.6211
2022-08-23,1016.6211
2022-08-24,1016.6211
2022-08-25,1016.6211
2022-08-26,1016.6211
2022-08-27,1016.6211
2022-08-28,1016.6211
2022-08-29,1016.6211
2022-08-30,1016.6211
2022-08-31,1016.6211
2022-09-01,1016.6211
2022-09-02,1016.6211
2022-09-03,1016.6211
2022-09-04,1016.6211
2022-09-05,1016.6211
2022-09-06,1016.6211
2022-09-07,1016.6211
2022-09-08,1016.6211
2022-09-09,1016.6211
2022-09-10,1016.6211
2022-09-11,1016.6211
2022-09-12,1016.6211
2022-09-13,1016.6211
2022-09-14,1016.6211
2022-09-15,1016.6211
2022-09-16,1016.6211
2022-09-17,1016.6211
2022-09-18,1016.6211
2022-09-19,1016.6211
2022-09-20,1016.6211
2022-09-21,1016.6211
2022-09-22,1016.6211
2022-09-23,1016.6211
2022-09-24,1016.6211
2022-09-25,1016.6211
2022-09-26,1016.6211
2022-09-27,1016.6211
2022-09-28,1016.6211
2022-09-29,1016.6211
2022-09-30,1016.6211
2022-10-01,1016.6211
2022-10-02,1016.6211
2022-10-03,1016.6211
2022-10-04,1016.6211
2022-10-05,1016.6211
2022-10-06,1016.6211
2022-10-07,1016.6211
2022-10-08,1016.6211
2022-10-09,1016.6211
2022-10-10,1016.6211
2022-10-11,1016.6211
2022-10-12,1016.6211
2022-10-13,1016.6211
2022-10-14,1016.6211
2022-10-15,1016.6211
2022-10-16,1016.6211
2022-10-17,1016.6211
2022-10-18,1016.6211
2022-10-19,1016.6211
2022-10-20,1016.6211
2022-10-21,1016.6211
2022-10-22,1016.6211
2022-10-23,1016.6211
2022-10-24,1016.6211
2022-10-25,1016.6211
2022-10-26,1016.6211
2022-10-27,1016.6211
2022-10-28,1016.6211
2022-10-29,1016.6211
2022-10-30,1016.6211
2022-10-31,1016.6211
2022-11-01,1016.6211
2022-11-02,1016.6211
2022-11-03,1016.6211
2022-11-04,1016.6211
2022-11-05,1016.6211
2022-11-06,1016.6211
2022-11-07,1016.6211
2022-11-08,1016.6211
2022-11-09,1016.6211
2022-11-10,1016.6211
2022-11-11,1016.6211
2022-11-12,1016.6211
2022-11-13,1016.6211
2022-11-14,1016.6211
2022-11-15,1016.6211
2022-11-16,1016.6211
2022-11-17,1016.6211
2022-11-18,1016.6211
2022-11-19,1016.6211
2022-11-20,1016.6211
2022-11-21,1016.6211
2022-11-22,1016.6211
2022-11-23,1016.6211
2022-11-24,1016.6211
2022-11-25,1016.6211
2022-11-26,1016.6211
2022-11-27,1016.6211
2022-11-28,1016.6211
2022-11-29,1016.6211
2022-11-30,1016.6211
2022-12-01,1016.6211
2022-12-02,1016.6211
2022-12-03,1016.6211
2022-12-04,1016.6211
2022-12-05,1016.6211
2022-12-06,1016.6211
2022-12-07,1016.6211
2022-12-08,1016.6211
2022-12-09,1016.6211
2022-12-10,1016.6211
2022-12-11,1016.6211
2022-12-12,1016.6211
2022-12-13,1016.6211
2022-12-14,1016.6211
2022-12-15,1016.6211
2022-12-16,1016.6211
2022-12-17,1016.6211
2022-12-18,1016.6211
2022-12-19,1016.6211
2022-12-20,1016.6211
2022-12-21,1016.6211
2022-12-22,1016.6211
2022-12-23,1016.6211
2022-12-24,1016.6211
2022-12-25,1016.6211
2022-12-26,1016.6211
2022-12-27,1016.6211
2022-12-28,1016.6211
2022-12-29,1016.6211
2022-12-30,1016.6211
2022-12-31,1016.6211
2023-01-01,1016.6211
2023-01-02,1016.6211
2023-01-03,1016.6211
2023-01-04,1016.6211
2023-01-05,1016.6211
2023-01-06,1016.6211
2023-01-07,1016.6211
2023-01-08,1016.6211
2023-01-09,1016.6211
2023-01-10,1016.6211
2023-01-11,1016.6211
2023-01-12,1016.6211
2023-01-13,1016.6211
2023-01-14,1016.6211
2023-01-15,1016.6211
2023-01-16,1016.6211
2023-01-17,1016.6211
2023-01-18,1016.6211
2023-01-19,1016.6211
2023-01-20,1016.6211
2023-01-21,1016.6211
2023-01-22,1016.6211
2023-01-23,1016.6211
2023-01-24,1016.6211
2023-01-25,1016.6211
2023-01-26,1016.6211
2023-01-27,1016.6211
2023-01-28,1016.6211
2023-01-29,1016.6211
2023-01-30,1016.6211
2023-01-31,1016.6211
2023-02-01,1016.6211
2023-02-02,1016.6211
2023-02-03,1016.6211
2023-02-04,1016.6211
2023-02-05,1016.6211
2023-02-06,1016.6211
2023-02-07,1016.6211
2023-02-08,1016.6211
2023-02-09,1016.6211
2023-02-10,1016.6211
2023-02-11,1016.6211
2023-02-12,1016.6211
2023-02-13,1016.6211
2023-02-14,1016.6211
2023-02-15,1016.6211
2023-02-16,1016.6211
2023-02-17,1016.6211
2023-02-18,1016.6211
2023-02-19,1016.6211
2023-02-20,1016.6211
2023-02-21,1016.6211
2023-02-22,1016.6211
2023-02-23,1016.6211
2023-02-24,1016.6211
2023-02-25,1016.6211
2023-02-26,1016.6211
2023-02-27,1016.6211
2023-02-28,1016.6211
2023-03-01,1016.6211
2023-03-02,1016.6211
2023-03-03,1016.6211
2023-03-04,1016.6211
2023-03-05,1016.6211
2023-03-06,1016.6211
2023-03-07,1016.6211
2023-03-08,1016.6211
2023-03-09,1016.6211
2023-03-10,1016.6211
2023-03-11,1016.6211
2023-03-12,1016.6211
2023-03-13,1016.6211
2023-03-14,1016.6211
2023-03-15,1016.6211
2023-03-16,1016.6212
2023-03-17,1016.6212
2023-03-18,1016.62114
2023-03-19,1016.62114
2023-03-20,1016.6212
2023-03-21,1016.6212
2023-03-22,1016.6212
2023-03-23,1016.6212
2023-03-24,1016.6212
2023-03-25,1016.6211999999999
2023-03-26,1016.6211999999999
2023-03-27,1016.6212
2023-03-28,1016.6212
2023-03-29,1016.6212
2023-03-30,1016.6212
2023-03-31,1016.6212
2023-04-01,1016.6211999999999
2023-04-02,1016.6211999999999
2023-04-03,1016.6212
2023-04-04,1016.6212
2023-04-05,1016.6212
2023-04-06,1016.6212
2023-04-07,1016.6212
2023-04-08,1016.6212
2023-04-09,1016.6212
2023-04-10,1016.6212
2023-04-11,1016.6212
2023-04-12,1016.6212
2023-04-13,1016.6212
2023-04-14,1016.6212
2023-04-15,1016.6212
2023-04-16,1016.6212
2023-04-17,1016.6212
2023-04-18,1016.6212
2023-04-19,1016.6212
2023-04-20,1016.6212
2023-04-21,1016.6212
2023-04-22,1016.6211999999999
2023-04-23,1016.6211999999999
2023-04-24,1016.6212
2023-04-25,1016.6212
2023-04-26,1016.6212
2023-04-27,1016.6212
2023-04-28,1016.6212
2023-04-29,1016.6212
2023-04-30,1016.6212
2023-05-01,1016.6212
2023-05-02,1016.6212
2023-05-03,1016.6212
2023-05-04,1016.6212
2023-05-05,1016.6212
2023-05-06,1016.6212
2023-05-07,1016.6212
2023-05-08,1016.6212
2023-05-09,1016.6212
2023-05-10,1016.6212
2023-05-11,1016.6212
2023-05-12,1016.6212
2023-05-13,1016.6211999999999
2023-05-14,1016.6211999999999
2023-05-15,1016.6212
2023-05-16,1016.6212
2023-05-17,1016.6212
2023-05-18,1016.6212
2023-05-19,1016.6212
2023-05-20,1016.6212
2023-05-21,1016.6212
2023-05-22,1016.6212
2023-05-23,1016.6212
2023-05-24,1016.6212
2023-05-25,1016.6212
2023-05-26,1016.6212
2023-05-27,1016.6211999999999
2023-05-28,1016.6211999999999
2023-05-29,1016.6212
2023-05-30,1016.6212
2023-05-31,1016.6212
2023-06-01,1016.6212
2023-06-02,1016.6212
2023-06-03,1016.6211999999999
2023-06-04,1016.6211999999999
2023-06-05,1016.6212
2023-06-06,1016.6212
2023-06-07,1016.6212
2023-06-08,1016.6212
2023-06-09,1016.6212
2023-06-10,1016.6211999999999
2023-06-11,1016.6211999999999
2023-06-12,1016.6212
2023-06-13,1016.6212
2023-06-14,1016.6212
2023-06-15,1016.6212
2023-06-16,1016.6212
2023-06-17,1016.6211999999999
2023-06-18,1016.6211999999999
2023-06-19,1016.6212
2023-06-20,1016.6212
2023-06-21,1043.0152
2023-06-22,1043.0152
2023-06-23,1043.0152
2023-06-24,1032.4576000000002
2023-06-25,1032.4576000000002
2023-06-26,1043.0152
2023-06-27,1043.0152
2023-06-28,1043.0152
2023-06-29,1043.0152
2023-06-30,1043.0152
2023-07-01,1043.0152
2023-07-02,1043.0152
2023-07-03,1043.0152
2023-07-04,1043.0152
2023-07-05,1043.0152
2023-07-06,1043.0152
2023-07-07,1043.0152
2023-07-08,1043.0152
2023-07-09,1043.0152
2023-07-10,1043.0152
2023-07-11,1043.0152
2023-07-12,1043.0152
2023-07-13,1043.0152
2023-07-14,1043.0152
2023-07-15,1043.0152
2023-07-16,1043.0152
2023-07-17,1043.0152
2023-07-18,1043.0152
2023-07-19,1043.0152
2023-07-20,1043.0152
2023-07-21,1043.0152
2023-07-22,1043.0152
2023-07-23,1043.0152
2023-07-24,1043.0152
2023-07-25,1043.0152
2023-07-26,1043.0152
2023-07-27,1043.0152
2023-07-28,1043.0152
2023-07-29,1043.0152
2023-07-30,1043.0152
2023-07-31,1043.0152
2023-08-01,1073.8784
2023-08-02,1073.8784
2023-08-03,1073.8784
2023-08-04,1073.8784
2023-08-05,1067.70576
2023-08-06,1067.70576
2023-08-07,1073.8784
2023-08-08,1073.8784
2023-08-09,1074.2628
2023-08-10,1073.8784
2023-08-11,1073.8784
2023-08-12,1073.9552800000001
2023-08-13,1073.9552800000001
2023-08-14,1073.8784
2023-08-15,1073.8784
2023-08-16,1073.8784
2023-08-17,1073.8588
2023-08-18,1073.8784
2023-08-19,1073.87448
2023-08-20,1073.87448
2023-08-21,1073.8784
2023-08-22,1073.8784
2023-08-23,1073.8784
2023-08-24,1073.8784
2023-08-25,1073.8784
2023-08-26,1073.8784
2023-08-27,1073.8784
2023-08-28,1073.8784
2023-08-29,1073.8784
2023-08-30,1073.8784
2023-08-31,1073.8784
2023-09-01,1104.7956
2023-09-02,1080.0618399999998
2023-09-03,1080.0618399999998
2023-09-04,1104.7956
2023-09-05,1104.7956
2023-09-06,1104.7956
2023-09-07,1104.7956
2023-09-08,1104.7956
2023-09-09,1104.7956
2023-09-10,1104.7956
2023-09-11,1104.7956
2023-09-12,1104.7956
2023-09-13,1104.7956
2023-09-14,1104.7956
2023-09-15,1104.7956
2023-09-16,1104.7956
2023-09-17,1104.7956
2023-09-18,1104.7956
2023-09-19,1104.7956
2023-09-20,1104.7956
2023-09-21,1104.7956
2023-09-22,1104.7956
2023-09-23,1104.7956
2023-09-24,1104.7956
2023-09-25,1104.7956
2023-09-26,1104.7956
2023-09-27,1104.7956
2023-09-28,1104.7956
2023-09-29,1104.7956
2023-09-30,1104.7956
2023-10-01,1104.7956
2023-10-02,1157.2706
2023-10-03,1157.2706
2023-10-04,1157.2706
2023-10-05,1157.2706
2023-10-06,1157.2706
2023-10-07,1157.2706
2023-10-08,1157.2706
2023-10-09,1157.2706
2023-10-10,1157.2706
2023-10-11,1157.2706
2023-10-12,1157.2706
2023-10-13,1157.2706
2023-10-14,1157.2706
2023-10-15,1157.2706
2023-10-16,1157.2706
2023-10-17,1157.2706
2023-10-18,1157.2706
2023-10-19,1157.2706
2023-10-20,1157.2706
2023-10-21,1157.2706
2023-10-22,1157.2706
2023-10-23,1157.2706
2023-10-24,1157.2706
2023-10-25,1157.2706
2023-10-26,1157.2706
2023-10-27,1157.2706
2023-10-28,1157.2706
2023-10-29,1157.2706
2023-10-30,1157.2706
2023-10-31,1157.2706
2023-11-01,1157.2706
2023-11-02,1157.2706
2023-11-03,1157.2706
2023-11-04,1157.2706
2023-11-05,1157.2706
2023-11-06,1157.2706
2023-11-07,1157.2706
2023-11-08,1157.2706
2023-11-09,1666.7326
2023-11-10,1666.7326
2023-11-11,1361.0554
2023-11-12,1361.0554
2023-11-13,1666.7326
2023-11-14,1666.7326
2023-11-15,1666.7326
2023-11-16,1666.7326
2023-11-17,1666.7326
2023-11-18,1666.7326
2023-11-19,1666.7326
2023-11-20,1666.7326
2023-11-21,1666.7326
2023-11-22,1666.7326
2023-11-23,1666.7326
2023-11-24,1666.7326
2023-11-25,1666.7326
2023-11-26,1666.7326
2023-11-27,1666.7326
2023-11-28,1666.7326
2023-11-29,1666.7326
2023-11-30,1666.7326
2023-12-01,1666.7326
2023-12-02,1666.7326
2023-12-03,1666.7326
2023-12-04,1666.7326
2023-12-05,1666.7326
2023-12-06,1666.7326
2023-12-07,1666.7326
2023-12-08,1666.7326
2023-12-09,1666.7326
2023-12-10,1666.7326
2023-12-11,1666.7326
2023-12-12,1666.7326
2023-12-13,1666.7326
2023-12-14,1666.7326
2023-12-15,1666.7326
2023-12-16,1666.7326
2023-12-17,1666.7326
2023-12-18,1666.7326
2023-12-19,1666.7326
2023-12-20,1666.7326
2023-12-21,1666.7326
2023-12-22,1666.7326
2023-12-23,1666.7326
2023-12-24,1666.7326
2023-12-25,1666.7326
2023-12-26,1666.7326
2023-12-27,1666.7326
2023-12-28,1666.7326
2023-12-29,1666.7326
2023-12-30,1666.7326
2023-12-31,1666.7326
2024-01-01,1666.7326
2024-01-02,1666.7326
2024-01-03,1666.7326
2024-01-04,1666.7326
2024-01-05,1666.7326
2024-01-06,1666.7326
2024-01-07,1666.7326
2024-01-08,1666.7326
2024-01-09,1666.7326
2024-01-10,1666.7326
2024-01-11,1666.7326
2024-01-12,1666.7326
2024-01-13,1666.7326
2024-01-14,1666.7326
2024-01-15,1666.7326
2024-01-16,1666.7326
2024-01-17,1666.7326
2024-01-18,1666.7326
2024-01-19,1666.7326
2024-01-20,1666.7326
2024-01-21,1666.7326
2024-01-22,1666.7326
2024-01-23,1666.7326
2024-01-24,1666.7326
2024-01-25,1666.7326
2024-01-26,1666.7326
2024-01-27,1666.7326
2024-01-28,1666.7326
2024-01-29,1666.7326
2024-01-30,1666.7326
2024-01-31,1666.7326
2024-02-01,1666.7326
