,0
2024-02-02,1667.8186099487598
2024-02-03,1668.8387858948247
2024-02-04,1669.5806844805288
2024-02-05,1670.4068671397342
2024-02-06,1671.3527801127157
2024-02-07,1672.2384629779945
2024-02-08,1673.0778556088942
2024-02-09,1673.9548383629312
2024-02-10,1674.8483076431253
2024-02-11,1675.7216789688423
2024-02-12,1676.5913594083725
2024-02-13,1677.472067689714
2024-02-14,1678.3534081210432
2024-02-15,1679.2301119600174
2024-02-16,1680.1080691937645
2024-02-17,1680.988793521611
2024-02-18,1681.86920139442
2024-02-19,1682.7490976367314
2024-02-20,1683.62999448624
2024-02-21,1684.5117259324973
2024-02-22,1685.3935959317055
2024-02-23,1686.2758041306977
2024-02-24,1687.158650296585
2024-02-25,1688.0419875811017
2024-02-26,1688.925697917773
2024-02-27,1689.809872404293
2024-02-28,1690.6945523816407
2024-02-29,1691.5796874695172
2024-03-01,1692.4652669100578
2024-03-02,1693.3513171060074
2024-03-03,1694.237839076417
2024-03-04,1695.1248203892317
2024-03-05,1696.0122630942656
2024-03-06,1696.9001732004813
2024-03-07,1697.7885490936535
2024-03-08,1698.6773885722555
2024-03-09,1699.5666931905757
2024-03-10,1700.4564641389832
2024-03-11,1701.346700870046
2024-03-12,1702.237403309767
2024-03-13,1703.1285721360855
2024-03-14,1704.0202076709143
2024-03-15,1704.9123099370972
2024-03-16,1705.8048791797864
2024-03-17,1706.6979157495039
2024-03-18,1707.5914198722903
2024-03-19,1708.4853917452845
2024-03-20,1709.3798316304824
2024-03-21,1710.2747397927978
2024-03-22,1711.1701164657602
2024-03-23,1712.0659618871082
2024-03-24,1712.962276309115
2024-03-25,1713.85905997975
2024-03-26,1714.7563131409652
2024-03-27,1715.6540360380238
2024-03-28,1716.5522289187152
2024-03-29,1717.4508920290223
2024-03-30,1718.3500256142372
2024-03-31,1719.2496299208512
2024-04-01,1720.1497051956942
2024-04-02,1721.0502516851739
2024-04-03,1721.9512696358236
2024-04-04,1722.852759294569
2024-04-05,1723.754720908421
2024-04-06,1724.6571547244025
2024-04-07,1725.5600609897065
2024-04-08,1726.4634399517056
2024-04-09,1727.3672918578727
2024-04-10,1728.2716169557923
2024-04-11,1729.176415493193
2024-04-12,1730.0816877179416
2024-04-13,1730.9874338780253
2024-04-14,1731.893654221559
2024-04-15,1732.8003489967912
2024-04-16,1733.7075184521034
2024-04-17,1734.6151628360021
2024-04-18,1735.523282397126
2024-04-19,1736.4318773842433
2024-04-20,1737.340948046253
2024-04-21,1738.2504946321842
2024-04-22,1739.1605173911967
2024-04-23,1740.0710165725798
2024-04-24,1740.9819924257545
2024-04-25,1741.8934452002713
2024-04-26,1742.8053751458124
2024-04-27,1743.7177825121898
2024-04-28,1744.6306675493468
2024-04-29,1745.5440305073575
2024-04-30,1746.4578716364267
2024-05-01,1747.3721911868904
2024-05-02,1748.2869894092155
2024-05-03,1749.202266554
2024-05-04,1750.1180228719736
2024-05-05,1751.0342586139966
2024-05-06,1751.950974031061
2024-05-07,1752.8681693742897
2024-05-08,1753.785844894938
2024-05-09,1754.704000844392
2024-05-10,1755.6226374741698
2024-05-11,1756.5417550359207
2024-05-12,1757.4613537814262
2024-05-13,1758.3814339625994
2024-05-14,1759.3019958314856
2024-05-15,1760.2230396402613
2024-05-16,1761.1445656412359
2024-05-17,1762.0665740868503
2024-05-18,1762.9890652296779
2024-05-19,1763.912039322424
2024-05-20,1764.8354966179268
2024-05-21,1765.7594373691559
2024-05-22,1766.6838618292143
2024-05-23,1767.608770251337
2024-05-24,1768.5341628888918
2024-05-25,1769.4600399953788
2024-05-26,1770.386401824431
2024-05-27,1771.3132486298146
2024-05-28,1772.2405806654278
2024-05-29,1773.1683981853027
2024-05-30,1774.0967014436035
2024-05-31,1775.025490694628
2024-06-01,1775.9547661928068
2024-06-02,1776.8845281927042
2024-06-03,1777.8147769490172
2024-06-04,1778.7455127165765
2024-06-05,1779.6767357503463
2024-06-06,1780.6084463054237
2024-06-07,1781.5406446370403
2024-06-08,1782.4733310005602
2024-06-09,1783.406505651482
2024-06-10,1784.3401688454376
2024-06-11,1785.2743208381933
2024-06-12,1786.2089618856487
2024-06-13,1787.1440922438376
2024-06-14,1788.0797121689282
2024-06-15,1789.015821917222
2024-06-16,1789.9524217451556
2024-06-17,1790.889511909299
2024-06-18,1791.827092666357
2024-06-19,1792.765164273169
2024-06-20,1793.7037269867083
2024-06-21,1794.642781064083
2024-06-22,1795.582326762536
2024-06-23,1796.5223643394445
2024-06-24,1797.4628940523207
2024-06-25,1798.4039161588119
2024-06-26,1799.3454309166991
2024-06-27,1800.2874385839
2024-06-28,1801.2299394184658
2024-06-29,1802.1729336785836
2024-06-30,1803.1164216225754
2024-07-01,1804.0604035088988
2024-07-02,1805.004879596146
2024-07-03,1805.9498501430455
2024-07-04,1806.8953154084604
2024-07-05,1807.8412756513899
2024-07-06,1808.7877311309683
2024-07-07,1809.734682106466
2024-07-08,1810.6821288372892
2024-07-09,1811.630071582979
2024-07-10,1812.578510603214
2024-07-11,1813.527446157807
2024-07-12,1814.476878506708
2024-07-13,1815.4268079100027
2024-07-14,1816.377234627913
2024-07-15,1817.3281589207968
2024-07-16,1818.2795810491489
2024-07-17,1819.2315012735996
2024-07-18,1820.1839198549167
2024-07-19,1821.1368370540035
2024-07-20,1822.0902531319005
2024-07-21,1823.0441683497847
2024-07-22,1823.99858296897
2024-07-23,1824.9534972509068
2024-07-24,1825.9089114571825
2024-07-25,1826.8648258495216
2024-07-26,1827.8212406897853
2024-07-27,1828.7781562399723
2024-07-28,1829.7355727622182
2024-07-29,1830.693490518796
2024-07-30,1831.6519097721155
2024-07-31,1832.6108307847244
2024-08-01,1833.5702538193082
2024-08-02,1834.530179138689
2024-08-03,1835.4906070058269
2024-08-04,1836.4515376838199
2024-08-05,1837.4129714359035
2024-08-06,1838.374908525451
2024-08-07,1839.3373492159737
2024-08-08,1840.3002937711208
2024-08-09,1841.2637424546795
2024-08-10,1842.2276955305751
2024-08-11,1843.1921532628714
2024-08-12,1844.1571159157697
2024-08-13,1845.1225837536103
2024-08-14,1846.0885570408716
2024-08-15,1847.0550360421703
2024-08-16,1848.0220210222622
2024-08-17,1848.9895122460412
2024-08-18,1849.95750997854
2024-08-19,1850.9260144849302
2024-08-20,1851.895026030522
2024-08-21,1852.8645448807647
2024-08-22,1853.8345713012461
2024-08-23,1854.805105557694
2024-08-24,1855.7761479159744
2024-08-25,1856.747698642093
2024-08-26,1857.7197580021943
2024-08-27,1858.6923262625626
2024-08-28,1859.6654036896214
2024-08-29,1860.6389905499336
2024-08-30,1861.613087110202
2024-08-31,1862.5876936372688
2024-09-01,1863.5628103981157
2024-09-02,1864.5384376598643
2024-09-03,1865.5145756897762
2024-09-04,1866.491224755253
2024-09-05,1867.4683851238356
2024-09-06,1868.4460570632061
2024-09-07,1869.4242408411858
2024-09-08,1870.4029367257365
2024-09-09,1871.3821449849602
2024-09-10,1872.3618658870998
2024-09-11,1873.3420997005378
2024-09-12,1874.322846693798
2024-09-13,1875.304107135544
2024-09-14,1876.2858812945806
2024-09-15,1877.2681694398534
2024-09-16,1878.250971840448
2024-09-17,1879.234288765592
2024-09-18,1880.2181204846534
2024-09-19,1881.2024672671407
2024-09-20,1882.1873293827045
2024-09-21,1883.1727071011358
2024-09-22,1884.1586006923674
2024-09-23,1885.1450104264727
2024-09-24,1886.1319365736674
2024-09-25,1887.119379404308
2024-09-26,1888.1073391888926
2024-09-27,1889.0958161980614
2024-09-28,1890.0848107025956
2024-09-29,1891.0743229734187
2024-09-30,1892.0643532815957
2024-10-01,1893.0549018983336
2024-10-02,1894.0459690949817
2024-10-03,1895.0375551430309
2024-10-04,1896.0296603141146
2024-10-05,1897.0222848800079
2024-10-06,1898.0154291126287
2024-10-07,1899.0090932840371
2024-10-08,1900.0032776664357
2024-10-09,1900.9979825321693
2024-10-10,1901.9932081537254
2024-10-11,1902.9889548037345
2024-10-12,1903.9852227549695
2024-10-13,1904.9820122803462
2024-10-14,1905.979323652923
2024-10-15,1906.9771571459019
2024-10-16,1907.9755130326273
2024-10-17,1908.974391586587
2024-10-18,1909.9737930814117
2024-10-19,1910.973717790876
2024-10-20,1911.974165988897
2024-10-21,1912.975137949536
2024-10-22,1913.976633946997
2024-10-23,1914.978654255628
2024-10-24,1915.9811991499207
2024-10-25,1916.9842689045104
2024-10-26,1917.987863794176
2024-10-27,1918.9919840938405
2024-10-28,1919.996630078571
2024-10-29,1921.0018020235775
2024-10-30,1922.0075002042158
2024-10-31,1923.0137248959845
2024-11-01,1924.020476374527
2024-11-02,1925.0277549156312
2024-11-03,1926.0355607952285
2024-11-04,1927.0438942893961
2024-11-05,1928.0527556743543
2024-11-06,1929.062145226469
2024-11-07,1930.0720632222506
2024-11-08,1931.082509938354
2024-11-09,1932.093485651579
2024-11-10,1933.1049906388703
2024-11-11,1934.117025177318
2024-11-12,1935.129589544157
2024-11-13,1936.1426840167667
2024-11-14,1937.156308872673
2024-11-15,1938.170464389546
2024-11-16,1939.1851508452014
2024-11-17,1940.200368517601
2024-11-18,1941.2161176848513
2024-11-19,1942.2323986252047
2024-11-20,1943.2492116170595
2024-11-21,1944.2665569389594
2024-11-22,1945.2844348695942
2024-11-23,1946.3028456877992
2024-11-24,1947.3217896725562
2024-11-25,1948.3412671029926
2024-11-26,1949.3612782583823
2024-11-27,1950.3818234181454
2024-11-28,1951.4029028618477
2024-11-29,1952.424516869202
2024-11-30,1953.4466657200674
2024-12-01,1954.4693496944494
2024-12-02,1955.4925690725001
2024-12-03,1956.5163241345183
2024-12-04,1957.5406151609498
2024-12-05,1958.5654424323864
2024-12-06,1959.5908062295678
2024-12-07,1960.61670683338
2024-12-08,1961.6431445248566
2024-12-09,1962.6701195851776
2024-12-10,1963.697632295671
2024-12-11,1964.7256829378114
2024-12-12,1965.7542717932213
2024-12-13,1966.7833991436703
2024-12-14,1967.8130652710756
2024-12-15,1968.843270457502
2024-12-16,1969.874014985162
2024-12-17,1970.905299136416
2024-12-18,1971.9371231937716
2024-12-19,1972.9694874398854
2024-12-20,1974.0023921575607
2024-12-21,1975.0358376297497
2024-12-22,1976.0698241395528
2024-12-23,1977.1043519702177
2024-12-24,1978.1394214051418
2024-12-25,1979.1750327278694
2024-12-26,1980.2111862220943
2024-12-27,1981.2478821716584
2024-12-28,1982.285120860552
2024-12-29,1983.3229025729145
2024-12-30,1984.361227593034
2024-12-31,1985.4000962053472
2025-01-01,1986.4395086944398
2025-01-02,1987.4794653450465
2025-01-03,1988.519966442051
2025-01-04,1989.5610122704866
2025-01-05,1990.602603115535
2025-01-06,1991.6447392625275
2025-01-07,1992.6874209969455
2025-01-08,1993.730648604419
2025-01-09,1994.774422370728
2025-01-10,1995.8187425818014
2025-01-11,1996.8636095237189
2025-01-12,1997.909023482709
2025-01-13,1998.9549847451506
2025-01-14,2000.0014935975723
2025-01-15,2001.048550326653
2025-01-16,2002.0961552192211
2025-01-17,2003.144308562256
2025-01-18,2004.1930106428863
2025-01-19,2005.242261748392
2025-01-20,2006.2920621662024
2025-01-21,2007.3424121838984
2025-01-22,2008.3933120892107
2025-01-23,2009.4447621700208
2025-01-24,2010.496762714361
2025-01-25,2011.5493140104145
2025-01-26,2012.602416346515
2025-01-27,2013.6560700111474
2025-01-28,2014.710275292948
2025-01-29,2015.7650324807032
2025-01-30,2016.8203418633516
2025-01-31,2017.8762037299825
2025-02-01,2018.932618369837
2025-02-02,2019.989586072307
2025-02-03,2021.0471071269365
2025-02-04,2022.1051818234207
2025-02-05,2023.1638104516067
2025-02-06,2024.222993301493
2025-02-07,2025.2827306632305
2025-02-08,2026.3430228271216
2025-02-09,2027.4038700836204
2025-02-10,2028.4652727233338
2025-02-11,2029.5272310370203
2025-02-12,2030.5897453155908
2025-02-13,2031.6528158501083
2025-02-14,2032.7164429317886
2025-02-15,2033.7806268519996
2025-02-16,2034.8453679022618
2025-02-17,2035.9106663742486
2025-02-18,2036.9765225597857
2025-02-19,2038.0429367508516
2025-02-20,2039.109909239578
2025-02-21,2040.1774403182492
2025-02-22,2041.2455302793028
2025-02-23,2042.3141794153291
2025-02-24,2043.3833880190723
2025-02-25,2044.4531563834291
2025-02-26,2045.5234848014497
2025-02-27,2046.5943735663382
2025-02-28,2047.6658229714517
2025-03-01,2048.737833310301
2025-03-02,2049.810404876551
2025-03-03,2050.883537964019
2025-03-04,2051.9572328666777
2025-03-05,2053.0314898786532
2025-03-06,2054.1063092942254
2025-03-07,2055.181691407828
2025-03-08,2056.2576365140494
2025-03-09,2057.334144907632
2025-03-10,2058.4112168834727
2025-03-11,2059.488852736622
2025-03-12,2060.5670527622856
2025-03-13,2061.645817255824
2025-03-14,2062.7251465127515
2025-03-15,2063.8050408287377
2025-03-16,2064.8855004996067
2025-03-17,2065.966525821338
2025-03-18,2067.0481170900653
2025-03-19,2068.1302746020774
2025-03-20,2069.2129986538193
2025-03-21,2070.29628954189
2025-03-22,2071.380147563044
2025-03-23,2072.464573014191
2025-03-24,2073.5495661923974
2025-03-25,2074.6351273948835
2025-03-26,2075.7212569190265
2025-03-27,2076.807955062358
2025-03-28,2077.8952221225663
2025-03-29,2078.9830583974954
2025-03-30,2080.071464185145
2025-03-31,2081.1604397836713
2025-04-01,2082.249985491386
2025-04-02,2083.340101606757
2025-04-03,2084.4307884284085
2025-04-04,2085.522046255122
2025-04-05,2086.613875385834
2025-04-06,2087.7062761196385
2025-04-07,2088.7992487557854
2025-04-08,2089.8927935936813
2025-04-09,2090.9869109328906
2025-04-10,2092.0816010731332
2025-04-11,2093.176864314287
2025-04-12,2094.272700956385
2025-04-13,2095.3691112996203
2025-04-14,2096.466095644341
2025-04-15,2097.5636542910524
2025-04-16,2098.661787540418
2025-04-17,2099.7604956932582
2025-04-18,2100.8597790505514
2025-04-19,2101.959637913433
2025-04-20,2103.0600725831964
2025-04-21,2104.161083361292
2025-04-22,2105.26267054933
2025-04-23,2106.3648344490757
2025-04-24,2107.4675753624547
2025-04-25,2108.570893591549
2025-04-26,2109.6747894386003
2025-04-27,2110.7792632060073
2025-04-28,2111.8843151963274
2025-04-29,2112.9899457122774
2025-04-30,2114.0961550567304
2025-05-01,2115.20294353272
2025-05-02,2116.3103114434375
2025-05-03,2117.4182590922333
2025-05-04,2118.5267867826165
2025-05-05,2119.635894818255
2025-05-06,2120.745583502976
2025-05-07,2121.8558531407652
2025-05-08,2122.9667040357685
2025-05-09,2124.078136492289
2025-05-10,2125.190150814792
2025-05-11,2126.3027473078996
2025-05-12,2127.4159262763947
2025-05-13,2128.529688025219
2025-05-14,2129.644032859475
2025-05-15,2130.758961084424
2025-05-16,2131.8744730054873
2025-05-17,2132.990568928246
2025-05-18,2134.1072491584414
2025-05-19,2135.224514001975
2025-05-20,2136.342363764908
2025-05-21,2137.460798753462
2025-05-22,2138.5798192740194
2025-05-23,2139.6994256331222
2025-05-24,2140.8196181374733
2025-05-25,2141.940397093936
2025-05-26,2143.061762809535
2025-05-27,2144.1837155914545
2025-05-28,2145.3062557470407
2025-05-29,2146.4293835837993
2025-05-30,2147.553099409399
2025-05-31,2148.677403531667
2025-06-01,2149.802296258594
2025-06-02,2150.927777898331
2025-06-03,2152.0538487591903
2025-06-04,2153.1805091496453
2025-06-05,2154.3077593783314
2025-06-06,2155.435599754045
2025-06-07,2156.564030585746
2025-06-08,2157.693052182553
2025-06-09,2158.8226648537484
2025-06-10,2159.952868908777
2025-06-11,2161.0836646572443
2025-06-12,2162.215052408918
2025-06-13,2163.3470324737286
2025-06-14,2164.4796051617686
2025-06-15,2165.6127707832934
2025-06-16,2166.7465296487194
2025-06-17,2167.8808820686268
2025-06-18,2169.015828353758
2025-06-19,2170.1513688150176
2025-06-20,2171.287503763474
2025-06-21,2172.4242335103577
2025-06-22,2173.5615583670624
2025-06-23,2174.6994786451446
2025-06-24,2175.837994656324
2025-06-25,2176.9771067124834
2025-06-26,2178.1168151256697
2025-06-27,2179.2571202080917
2025-06-28,2180.398022272123
2025-06-29,2181.5395216302995
2025-06-30,2182.681618595322
2025-07-01,2183.824313480054
2025-07-02,2184.967606597524
2025-07-03,2186.111498260923
2025-07-04,2187.255988783606
2025-07-05,2188.401078479093
2025-07-06,2189.5467676610683
2025-07-07,2190.6930566433794
2025-07-08,2191.8399457400383
2025-07-09,2192.987435265222
2025-07-10,2194.135525533271
2025-07-11,2195.284216858692
2025-07-12,2196.433509556155
2025-07-13,2197.5834039404945
2025-07-14,2198.733900326711
2025-07-15,2199.8849990299695
2025-07-16,2201.0367003655992
2025-07-17,2202.1890046490953
2025-07-18,2203.3419121961183
2025-07-19,2204.4954233224926
2025-07-20,2205.6495383442093
2025-07-21,2206.8042575774252
2025-07-22,2207.959581338461
2025-07-23,2209.1155099438038
2025-07-24,2210.2720437101075
2025-07-25,2211.42918295419
2025-07-26,2212.586927993036
2025-07-27,2213.7452791437963
2025-07-28,2214.904236723787
2025-07-29,2216.0638010504913
2025-07-30,2217.2239724415576
2025-07-31,2218.3847512148013
2025-08-01,2219.546137688204
2025-08-02,2220.7081321799137
2025-08-03,2221.870735008245
2025-08-04,2223.0339464916788
2025-08-05,2224.1977669488633
2025-08-06,2225.362196698614
2025-08-07,2226.527236059911
2025-08-08,2227.692885351905
2025-08-09,2228.85914489391
2025-08-10,2230.0260150054096
2025-08-11,2231.1934960060544
2025-08-12,2232.3615882156614
2025-08-13,2233.5302919542164
2025-08-14,2234.699607541871
2025-08-15,2235.8695352989457
2025-08-16,2237.040075545928
2025-08-17,2238.211228603474
2025-08-18,2239.382994792407
2025-08-19,2240.5553744337185
2025-08-20,2241.728367848568
2025-08-21,2242.9019753582825
2025-08-22,2244.0761972843584
2025-08-23,2245.2510339484597
2025-08-24,2246.4264856724194
2025-08-25,2247.602552778238
2025-08-26,2248.7792355880856
2025-08-27,2249.9565344242997
2025-08-28,2251.134449609388
2025-08-29,2252.3129814660265
2025-08-30,2253.492130317059
2025-08-31,2254.6718964855004
2025-09-01,2255.8522802945336
2025-09-02,2257.03328206751
2025-09-03,2258.2149021279515
2025-09-04,2259.3971407995487
2025-09-05,2260.579998406162
2025-09-06,2261.763475271821
2025-09-07,2262.947571720725
2025-09-08,2264.1322880772436
2025-09-09,2265.317624665916
2025-09-10,2266.50358181145
2025-09-11,2267.690159838726
2025-09-12,2268.8773590727915
2025-09-13,2270.0651798388662
2025-09-14,2271.2536224623395
2025-09-15,2272.4426872687714
2025-09-16,2273.6323745838918
2025-09-17,2274.8226847336014
2025-09-18,2276.0136180439717
2025-09-19,2277.2051748412446
2025-09-20,2278.397355451833
2025-09-21,2279.5901602023205
2025-09-22,2280.783589419462
2025-09-23,2281.977643430183
2025-09-24,2283.1723225615806
2025-09-25,2284.3676271409227
2025-09-26,2285.5635574956495
2025-09-27,2286.7601139533713
2025-09-28,2287.9572968418706
2025-09-29,2289.1551064891014
2025-09-30,2290.3535432231897
2025-10-01,2291.5526073724327
2025-10-02,2292.7522992653003
2025-10-03,2293.952619230433
2025-10-04,2295.1535675966447
2025-10-05,2296.3551446929214
2025-10-06,2297.55735084842
2025-10-07,2298.760186392471
2025-10-08,2299.963651654577
2025-10-09,2301.1677469644133
2025-10-10,2302.3724726518267
2025-10-11,2303.577829046838
2025-10-12,2304.7838164796403
2025-10-13,2305.9904352805993
2025-10-14,2307.1976857802542
2025-10-15,2308.405568309317
2025-10-16,2309.6140831986722
2025-10-17,2310.8232307793783
2025-10-18,2312.0330113826676
2025-10-19,2313.243425339944
2025-10-20,2314.454472982787
2025-10-21,2315.666154642948
2025-10-22,2316.878470652354
2025-10-23,2318.091421343103
2025-10-24,2319.305007047469
2025-10-25,2320.5192280979004
2025-10-26,2321.7340848270173
2025-10-27,2322.9495775676155
2025-10-28,2324.1657066526654
2025-10-29,2325.382472415311
2025-10-30,2326.59987518887
2025-10-31,2327.8179153068368
2025-11-01,2329.0365931028778
2025-11-02,2330.255908910836
2025-11-03,2331.4758630647284
2025-11-04,2332.6964558987465
2025-11-05,2333.917687747258
2025-11-06,2335.139558944804
2025-11-07,2336.362069826102
2025-11-08,2337.5852207260446
2025-11-09,2338.809011979699
2025-11-10,2340.0334439223084
2025-11-11,2341.2585168892915
2025-11-12,2342.4842312162427
2025-11-13,2343.710587238932
2025-11-14,2344.937585293304
2025-11-15,2346.1652257154815
2025-11-16,2347.393508841761
2025-11-17,2348.6224350086172
2025-11-18,2349.852004552699
2025-11-19,2351.0822178108324
2025-11-20,2352.31307512002
2025-11-21,2353.5445768174404
2025-11-22,2354.776723240449
2025-11-23,2356.0095147265774
2025-11-24,2357.2429516135344
2025-11-25,2358.4770342392053
2025-11-26,2359.7117629416525
2025-11-27,2360.9471380591153
2025-11-28,2362.18315993001
2025-11-29,2363.41982889293
2025-11-30,2364.657145286646
2025-12-01,2365.8951094501062
2025-12-02,2367.133721722437
2025-12-03,2368.3729824429397
2025-12-04,2369.6128919510966
2025-12-05,2370.853450586566
2025-12-06,2372.0946586891832
2025-12-07,2373.336516598964
2025-12-08,2374.579024656099
2025-12-09,2375.82218320096
2025-12-10,2377.0659925740943
2025-12-11,2378.3104531162294
2025-12-12,2379.5555651682703
2025-12-13,2380.8013290713006
2025-12-14,2382.047745166583
2025-12-15,2383.2948137955573
2025-12-16,2384.5425352998445
2025-12-17,2385.790910021242
2025-12-18,2387.0399383017275
2025-12-19,2388.2896204834583
2025-12-20,2389.5399569087685
2025-12-21,2390.7909479201744
2025-12-22,2392.042593860369
2025-12-23,2393.2948950722266
2025-12-24,2394.5478518987998
2025-12-25,2395.8014646833212
2025-12-26,2397.0557337692035
2025-12-27,2398.3106595000386
2025-12-28,2399.5662422195987
2025-12-29,2400.8224822718357
2025-12-30,2402.0793800008814
2025-12-31,2403.3369357510483
2026-01-01,2404.5951498668283
2026-01-02,2405.854022692895
2026-01-03,2407.1135545741013
2026-01-04,2408.373745855481
2026-01-05,2409.6345968822484
2026-01-06,2410.896107999799
2026-01-07,2412.158279553709
2026-01-08,2413.421111889734
2026-01-09,2414.6846053538134
2026-01-10,2415.948760292066
2026-01-11,2417.2135770507907
2026-01-12,2418.4790559764706
2026-01-13,2419.7451974157684
2026-01-14,2421.0120017155277
2026-01-15,2422.2794692227753
2026-01-16,2423.547600284718
2026-01-17,2424.816395248746
2026-01-18,2426.0858544624307
2026-01-19,2427.355978273525
2026-01-20,2428.626767029964
2026-01-21,2429.898221079866
2026-01-22,2431.17034077153
2026-01-23,2432.443126453438
2026-01-24,2433.716578474255
2026-01-25,2434.990697182828
2026-01-26,2436.2654829281864
2026-01-27,2437.540936059543
2026-01-28,2438.817056926293
2026-01-29,2440.0938458780142
2026-01-30,2441.3713032644678
2026-01-31,2442.6494294355984
2026-02-01,2443.9282247415335
2026-02-02,2445.2076895325836
2026-02-03,2446.4878241592432
2026-02-04,2447.7686289721896
2026-02-05,2449.050104322284
2026-02-06,2450.332250560572
2026-02-07,2451.6150680382816
2026-02-08,2452.898557106826
2026-02-09,2454.182718117802
2026-02-10,2455.4675514229893
2026-02-11,2456.753057374353
2026-02-12,2458.039236324043
2026-02-13,2459.3260886243916
2026-02-14,2460.6136146279177
2026-02-15,2461.901814687323
2026-02-16,2463.1906891554954
2026-02-17,2464.4802383855063
2026-02-18,2465.770462730612
2026-02-19,2467.0613625442547
2026-02-20,2468.3529381800613
2026-02-21,2469.645189991843
2026-02-22,2470.938118333597
2026-02-23,2472.2317235595056
2026-02-24,2473.5260060239366
2026-02-25,2474.8209660814437
2026-02-26,2476.1166040867656
2026-02-27,2477.412920394827
2026-02-28,2478.709915360738
2026-03-01,2480.0075893397952
2026-03-02,2481.305942687481
2026-03-03,2482.604975759464
2026-03-04,2483.904688911599
2026-03-05,2485.2050824999264
2026-03-06,2486.506156880674
2026-03-07,2487.807912410256
2026-03-08,2489.110349445272
2026-03-09,2490.41346834251
2026-03-10,2491.717269458943
2026-03-11,2493.0217531517333
2026-03-12,2494.3269197782274
2026-03-13,2495.6327696959606
2026-03-14,2496.939303262655
2026-03-15,2498.24652083622
2026-03-16,2499.5544227747523
2026-03-17,2500.8630094365362
2026-03-18,2502.1722811800432
2026-03-19,2503.482238363933
2026-03-20,2504.792881347053
2026-03-21,2506.1042104884377
2026-03-22,2507.4162261473107
2026-03-23,2508.728928683083
2026-03-24,2510.0423184553533
2026-03-25,2511.3563958239097
2026-03-26,2512.671161148728
2026-03-27,2513.986614789973
2026-03-28,2515.3027571079965
2026-03-29,2516.619588463341
2026-03-30,2517.9371092167366
2026-03-31,2519.255319729102
2026-04-01,2520.574220361546
2026-04-02,2521.893811475365
2026-04-03,2523.2140934320464
2026-04-04,2524.5350665932647
2026-04-05,2525.8567313208855
2026-04-06,2527.1790879769624
2026-04-07,2528.50213692374
2026-04-08,2529.825878523652
2026-04-09,2531.150313139321
2026-04-10,2532.4754411335607
2026-04-11,2533.8012628693737
2026-04-12,2535.1277787099534
2026-04-13,2536.454989018683
2026-04-14,2537.7828941591365
2026-04-15,2539.111494495077
2026-04-16,2540.440790390459
2026-04-17,2541.770782209427
2026-04-18,2543.1014703163173
2026-04-19,2544.4328550756554
2026-04-20,2545.764936852159
2026-04-21,2547.0977160107354
2026-04-22,2548.4311929164837
2026-04-23,2549.7653679346945
2026-04-24,2551.100241430849
2026-04-25,2552.43581377062
2026-04-26,2553.7720853198716
2026-04-27,2555.1090564446595
2026-04-28,2556.4467275112306
2026-04-29,2557.785098886025
2026-04-30,2559.124170935673
2026-05-01,2560.4639440269975
2026-05-02,2561.8044185270137
2026-05-03,2563.145594802929
2026-05-04,2564.4874732221415
2026-05-05,2565.8300541522435
2026-05-06,2567.1733379610196
2026-05-07,2568.5173250164457
2026-05-08,2569.862015686692
2026-05-09,2571.2074103401196
2026-05-10,2572.5535093452836
2026-05-11,2573.9003130709325
2026-05-12,2575.247821886006
2026-05-13,2576.5960361596394
2026-05-14,2577.9449562611594
2026-05-15,2579.2945825600864
2026-05-16,2580.644915426135
2026-05-17,2581.995955229212
2026-05-18,2583.34770233942
2026-05-19,2584.700157127053
2026-05-20,2586.0533199626007
2026-05-21,2587.407191216745
2026-05-22,2588.761771260364
2026-05-23,2590.117060464528
2026-05-24,2591.473059200503
2026-05-25,2592.829767839748
2026-05-26,2594.187186753918
2026-05-27,2595.545316314861
2026-05-28,2596.904156894621
2026-05-29,2598.2637088654365
2026-05-30,2599.62397259974
2026-05-31,2600.9849484701595
2026-06-01,2602.3466368495187
2026-06-02,2603.709038110836
2026-06-03,2605.072152627325
2026-06-04,2606.435980772394
2026-06-05,2607.8005229196488
2026-06-06,2609.165779442888
2026-06-07,2610.531750716109
2026-06-08,2611.898437113502
2026-06-09,2613.2658390094552
2026-06-10,2614.633956778552
2026-06-11,2616.0027907955728
2026-06-12,2617.3723414354918
2026-06-13,2618.7426090734825
2026-06-14,2620.1135940849126
2026-06-15,2621.485296845348
2026-06-16,2622.8577177305497
2026-06-17,2624.2308571164763
2026-06-18,2625.604715379283
2026-06-19,2626.979292895322
2026-06-20,2628.3545900411427
2026-06-21,2629.730607193491
2026-06-22,2631.1073447293106
2026-06-23,2632.4848030257426
2026-06-24,2633.8629824601253
2026-06-25,2635.241883409994
2026-06-26,2636.621506253083
2026-06-27,2638.0018513673235
2026-06-28,2639.3829191308446
2026-06-29,2640.764709921973
2026-06-30,2642.1472241192346
2026-07-01,2643.530462101352
2026-07-02,2644.914424247247
2026-07-03,2646.29911093604
2026-07-04,2647.6845225470493
2026-07-05,2649.0706594597914
2026-07-06,2650.4575220539828
2026-07-07,2651.845110709538
2026-07-08,2653.23342580657
2026-07-09,2654.6224677253913
2026-07-10,2656.0122368465136
2026-07-11,2657.4027335506476
2026-07-12,2658.7939582187037
2026-07-13,2660.1859112317907
2026-07-14,2661.578592971218
2026-07-15,2662.972003818494
2026-07-16,2664.3661441553277
2026-07-17,2665.761014363626
2026-07-18,2667.1566148254988
2026-07-19,2668.552945923253
2026-07-20,2669.950008039397
2026-07-21,2671.3478015566398
2026-07-22,2672.74632685789
2026-07-23,2674.1455843262574
2026-07-24,2675.5455743450516
2026-07-25,2676.946297297783
2026-07-26,2678.347753568164
2026-07-27,2679.749943540106
2026-07-28,2681.1528675977224
2026-07-29,2682.556526125328
2026-07-30,2683.960919507438
2026-07-31,2685.3660481287698
2026-08-01,2686.771912374241
2026-08-02,2688.1785126289715
2026-08-03,2689.585849278283
2026-08-04,2690.9939227076993
2026-08-05,2692.4027333029444
2026-08-06,2693.8122814499457
2026-08-07,2695.222567534832
2026-08-08,2696.633591943934
2026-08-09,2698.045355063786
2026-08-10,2699.457857281123
2026-08-11,2700.8710989828837
2026-08-12,2702.285080556209
2026-08-13,2703.6998023884416
2026-08-14,2705.115264867128
2026-08-15,2706.531468380018
2026-08-16,2707.948413315063
2026-08-17,2709.366100060419
2026-08-18,2710.7845290044434
2026-08-19,2712.2037005356988
2026-08-20,2713.62361504295
2026-08-21,2715.044272915166
2026-08-22,2716.4656745415186
2026-08-23,2717.8878203113845
2026-08-24,2719.3107106143434
2026-08-25,2720.7343458401792
2026-08-26,2722.1587263788797
2026-08-27,2723.5838526206376
2026-08-28,2725.009724955849
2026-08-29,2726.436343775114
2026-08-30,2727.863709469239
2026-08-31,2729.2918224292334
2026-09-01,2730.7206830463115
2026-09-02,2732.1502917118933
2026-09-03,2733.5806488176027
2026-09-04,2735.011754755269
2026-09-05,2736.4436099169266
2026-09-06,2737.8762146948156
2026-09-07,2739.309569481381
2026-09-08,2740.7436746692733
2026-09-09,2742.1785306513484
2026-09-10,2743.6141378206685
2026-09-11,2745.0504965705004
2026-09-12,2746.487607294318
2026-09-13,2747.9254703858005
2026-09-14,2749.364086238834
2026-09-15,2750.803455247509
2026-09-16,2752.243577806125
2026-09-17,2753.6844543091856
2026-09-18,2755.126085151402
2026-09-19,2756.568470727692
2026-09-20,2758.0116114331795
2026-09-21,2759.4555076631964
2026-09-22,2760.9001598132804
2026-09-23,2762.3455682791773
2026-09-24,2763.791733456839
2026-09-25,2765.2386557424265
2026-09-26,2766.6863355323053
2026-09-27,2768.134773223051
2026-09-28,2769.583969211446
2026-09-29,2771.03392389448
2026-09-30,2772.484637669351
2026-10-01,2773.9361109334645
2026-10-02,2775.3883440844347
2026-10-03,2776.841337520084
2026-10-04,2778.295091638442
2026-10-05,2779.7496068377477
2026-10-06,2781.2048835164483
2026-10-07,2782.660922073199
2026-10-08,2784.1177229068653
2026-10-09,2785.5752864165197
2026-10-10,2787.033613001445
2026-10-11,2788.4927030611316
2026-10-12,2789.9525569952807
2026-10-13,2791.4131752038015
2026-10-14,2792.8745580868135
2026-10-15,2794.3367060446444
2026-10-16,2795.799619477833
2026-10-17,2797.2632987871266
2026-10-18,2798.7277443734833
2026-10-19,2800.19295663807
2026-10-20,2801.658935982264
2026-10-21,2803.1256828076544
2026-10-22,2804.593197516037
2026-10-23,2806.0614805094215
2026-10-24,2807.5305321900264
2026-10-25,2809.0003529602805
2026-10-26,2810.4709432228237
2026-10-27,2811.9423033805074
2026-10-28,2813.4144338363926
2026-10-29,2814.8873349937526
2026-10-30,2816.36100725607
2026-10-31,2817.8354510270415
2026-11-01,2819.3106667105717
2026-11-02,2820.78665471078
2026-11-03,2822.263415431995
2026-11-04,2823.7409492787574
2026-11-05,2825.2192566558206
2026-11-06,2826.698337968149
2026-11-07,2828.17819362092
2026-11-08,2829.658824019522
2026-11-09,2831.140229569556
2026-11-10,2832.622410676836
2026-11-11,2834.1053677473874
2026-11-12,2835.5891011874487
2026-11-13,2837.073611403471
2026-11-14,2838.558898802119
2026-11-15,2840.044963790269
2026-11-16,2841.5318067750104
2026-11-17,2843.019428163647
2026-11-18,2844.507828363694
2026-11-19,2845.997007782882
2026-11-20,2847.4869668291535
2026-11-21,2848.9777059106655
2026-11-22,2850.4692254357874
2026-11-23,2851.9615258131043
2026-11-24,2853.4546074514137
2026-11-25,2854.9484707597276
2026-11-26,2856.4431161472717
2026-11-27,2857.938544023487
2026-11-28,2859.434754798028
2026-11-29,2860.9317488807637
2026-11-30,2862.429526681778
2026-12-01,2863.9280886113697
2026-12-02,2865.427435080051
2026-12-03,2866.927566498551
2026-12-04,2868.428483277813
2026-12-05,2869.9301858289946
2026-12-06,2871.43267456347
2026-12-07,2872.9359498928275
2026-12-08,2874.440012228872
2026-12-09,2875.9448619836235
2026-12-10,2877.4504995693173
2026-12-11,2878.956925398406
2026-12-12,2880.4641398835556
2026-12-13,2881.9721434376506
2026-12-14,2883.4809364737907
2026-12-15,2884.9905194052913
2026-12-16,2886.500892645685
2026-12-17,2888.0120566087203
2026-12-18,2889.524011708363
2026-12-19,2891.0367583587954
2026-12-20,2892.550296974416
2026-12-21,2894.0646279698412
2026-12-22,2895.5797517599035
2026-12-23,2897.0956687596536
2026-12-24,2898.6123793843585
2026-12-25,2900.1298840495033
2026-12-26,2901.64818317079
2026-12-27,2903.1672771641397
2026-12-28,2904.6871664456885
2026-12-29,2906.2078514317936
2026-12-30,2907.729332539028
2026-12-31,2909.2516101841825
2027-01-01,2910.774684784268
2027-01-02,2912.298556756513
2027-01-03,2913.8232265183633
2027-01-04,2915.3486944874844
2027-01-05,2916.8749610817604
2027-01-06,2918.402026719293
2027-01-07,2919.929891818405
2027-01-08,2921.458556797636
2027-01-09,2922.9880220757454
2027-01-10,2924.518288071713
2027-01-11,2926.0493552047365
2027-01-12,2927.581223894233
2027-01-13,2929.113894559841
2027-01-14,2930.6473676214164
2027-01-15,2932.181643499036
2027-01-16,2933.7167226129973
2027-01-17,2935.252605383816
2027-01-18,2936.7892922322294
2027-01-19,2938.3267835791944
2027-01-20,2939.865079845889
2027-01-21,2941.4041814537104
2027-01-22,2942.944088824278
2027-01-23,2944.4848023794307
2027-01-24,2946.026322541229
2027-01-25,2947.568649731954
2027-01-26,2949.111784374107
2027-01-27,2950.6557268904126
2027-01-28,2952.200477703815
2027-01-29,2953.7460372374803
2027-01-30,2955.2924059147967
2027-01-31,2956.839584159373
2027-02-01,2958.38757239504
2027-02-02,2959.9363710458515
2027-02-03,2961.485980536082
2027-02-04,2963.0364012902287
2027-02-05,2964.587633733011
2027-02-06,2966.1396782893707
2027-02-07,2967.692535384472
2027-02-08,2969.2462054437015
2027-02-09,2970.8006888926684
2027-02-10,2972.3559861572057
2027-02-11,2973.912097663368
2027-02-12,2975.4690238374337
2027-02-13,2977.0267651059044
2027-02-14,2978.585321895505
2027-02-15,2980.144694633183
2027-02-16,2981.7048837461075
2027-02-17,2983.265889661677
2027-02-18,2984.82771280751
2027-02-19,2986.3903536114503
2027-02-20,2987.9538125015633
2027-02-21,2989.518089906141
2027-02-22,2991.083186253699
2027-02-23,2992.6491019729756
2027-02-24,2994.215837492936
2027-02-25,2995.7833932427675
2027-02-26,2997.3517696518848
2027-02-27,2998.920967149925
2027-02-28,3000.490986166752
2027-03-01,3002.061827132453
2027-03-02,3003.6334904773416
2027-03-03,3005.205976631956
2027-03-04,3006.779286027061
2027-03-05,3008.3534190936452
2027-03-06,3009.928376262924
2027-03-07,3011.5041579663375
2027-03-08,3013.0807646355534
2027-03-09,3014.658196702464
2027-03-10,3016.2364545991877
2027-03-11,3017.81553875807
2027-03-12,3019.3954496116826
2027-03-13,3020.976187592822
2027-03-14,3022.557753134514
2027-03-15,3024.140146670009
2027-03-16,3025.723368632785
2027-03-17,3027.3074194565465
2027-03-18,3028.8922995752264
2027-03-19,3030.4780094229827
2027-03-20,3032.0645494342025
2027-03-21,3033.651920043499
2027-03-22,3035.2401216857143
2027-03-23,3036.829154795917
2027-03-24,3038.419019809404
2027-03-25,3040.009717161699
2027-03-26,3041.601247288556
2027-03-27,3043.193610625955
2027-03-28,3044.7868076101054
2027-03-29,3046.3808386774444
2027-03-30,3047.9757042646374
2027-03-31,3049.5714048085797
2027-04-01,3051.1679407463944
2027-04-02,3052.7653125154334
2027-04-03,3054.3635205532773
2027-04-04,3055.9625652977365
2027-04-05,3057.562447186851
2027-04-06,3059.1631666588887
2027-04-07,3060.7647241523473
2027-04-08,3062.3671201059556
2027-04-09,3063.97035495867
2027-04-10,3065.574429149678
2027-04-11,3067.179343118397
2027-04-12,3068.7850973044738
2027-04-13,3070.3916921477853
2027-04-14,3071.9991280884396
2027-04-15,3073.6074055667746
2027-04-16,3075.216525023359
2027-04-17,3076.8264868989913
2027-04-18,3078.4372916347024
2027-04-19,3080.048939671752
2027-04-20,3081.661431451633
2027-04-21,3083.274767416068
2027-04-22,3084.8889480070106
2027-04-23,3086.503973666647
2027-04-24,3088.119844837395
2027-04-25,3089.7365619619018
2027-04-26,3091.354125483049
2027-04-27,3092.972535843948
2027-04-28,3094.5917934879444
2027-04-29,3096.2118988586135
2027-04-30,3097.8328523997643
2027-05-01,3099.454654555438
2027-05-02,3101.0773057699075
2027-05-03,3102.700806487679
2027-05-04,3104.3251571534915
2027-05-05,3105.9503582123166
2027-05-06,3107.5764101093587
2027-05-07,3109.203313290055
2027-05-08,3110.831068200077
2027-05-09,3112.4596752853286
2027-05-10,3114.089134991947
2027-05-11,3115.719447766304
2027-05-12,3117.3506140550035
2027-05-13,3118.982634304885
2027-05-14,3120.6155089630206
2027-05-15,3122.2492384767174
2027-05-16,3123.8838232935154
2027-05-17,3125.5192638611907
2027-05-18,3127.1555606277516
2027-05-19,3128.7927140414436
2027-05-20,3130.430724550744
2027-05-21,3132.0695926043672
2027-05-22,3133.709318651262
2027-05-23,3135.349903140611
2027-05-24,3136.991346521833
2027-05-25,3138.633649244582
2027-05-26,3140.276811758748
2027-05-27,3141.920834514455
2027-05-28,3143.5657179620634
2027-05-29,3145.2114625521704
2027-05-30,3146.8580687356075
2027-05-31,3148.505536963443
2027-06-01,3150.1538676869814
2027-06-02,3151.8030613577635
2027-06-03,3153.4531184275656
2027-06-04,3155.1040393484022
2027-06-05,3156.7558245725227
2027-06-06,3158.408474552414
2027-06-07,3160.061989740801
2027-06-08,3161.7163705906437
2027-06-09,3163.3716175551403
2027-06-10,3165.0277310877254
2027-06-11,3166.6847116420727
2027-06-12,3168.3425596720917
2027-06-13,3170.0012756319306
2027-06-14,3171.6608599759747
2027-06-15,3173.3213131588473
2027-06-16,3174.9826356354097
2027-06-17,3176.644827860762
2027-06-18,3178.307890290241
2027-06-19,3179.9718233794247
2027-06-20,3181.636627584126
2027-06-21,3183.3023033603995
2027-06-22,3184.9688511645363
2027-06-23,3186.636271453068
2027-06-24,3188.3045646827645
2027-06-25,3189.973731310635
2027-06-26,3191.6437717939275
2027-06-27,3193.31468659013
2027-06-28,3194.9864761569697
2027-06-29,3196.659140952414
2027-06-30,3198.3326814346688
2027-07-01,3200.007098062181
2027-07-02,3201.682391293637
2027-07-03,3203.358561587964
2027-07-04,3205.0356094043277
2027-07-05,3206.713535202137
2027-07-06,3208.392339441039
2027-07-07,3210.072022580922
2027-07-08,3211.752585081915
2027-07-09,3213.4340274043893
2027-07-10,3215.1163500089556
2027-07-11,3216.7995533564654
2027-07-12,3218.483637908013
2027-07-13,3220.168604124933
2027-07-14,3221.8544524688023
2027-07-15,3223.5411834014385
2027-07-16,3225.2287973849025
2027-07-17,3226.917294881495
2027-07-18,3228.60667635376
2027-07-19,3230.296942264484
2027-07-20,3231.988093076695
2027-07-21,3233.680129253664
2027-07-22,3235.3730512589036
2027-07-23,3237.06685955617
2027-07-24,3238.761554609462
2027-07-25,3240.457136883021
2027-07-26,3242.153606841332
2027-07-27,3243.850964949122
2027-07-28,3245.549211671363
2027-07-29,3247.248347473269
2027-07-30,3248.948372820298
2027-07-31,3250.6492881781523
2027-08-01,3252.351094012777
2027-08-02,3254.0537907903617
2027-08-03,3255.7573789773396
2027-08-04,3257.4618590403893
2027-08-05,3259.167231446432
2027-08-06,3260.8734966626353
2027-08-07,3262.5806551564087
2027-08-08,3264.28870739541
2027-08-09,3265.9976538475375
2027-08-10,3267.707494980939
2027-08-11,3269.4182312640037
2027-08-12,3271.129863165368
2027-08-13,3272.8423911539135
2027-08-14,3274.555815698766
2027-08-15,3276.2701372692986
2027-08-16,3277.985356335129
2027-08-17,3279.7014733661213
2027-08-18,3281.4184888323853
2027-08-19,3283.1364032042766
2027-08-20,3284.8552169523978
2027-08-21,3286.574930547598
2027-08-22,3288.295544460971
2027-08-23,3290.0170591638603
2027-08-24,3291.739475127853
2027-08-25,3293.4627928247846
2027-08-26,3295.1870127267384
2027-08-27,3296.912135306043
2027-08-28,3298.6381610352764
2027-08-29,3300.3650903872617
2027-08-30,3302.0929238350714
2027-08-31,3303.8216618520246
2027-09-01,3305.5513049116885
2027-09-02,3307.2818534878784
2027-09-03,3309.013308054658
2027-09-04,3310.745669086338
2027-09-05,3312.478937057478
2027-09-06,3314.213112442887
2027-09-07,3315.9481957176213
2027-09-08,3317.684187356986
2027-09-09,3319.4210878365366
2027-09-10,3321.158897632075
2027-09-11,3322.897617219654
2027-09-12,3324.6372470755755
2027-09-13,3326.37778767639
2027-09-14,3328.119239498899
2027-09-15,3329.8616030201506
2027-09-16,3331.6048787174464
2027-09-17,3333.349067068335
2027-09-18,3335.094168550617
2027-09-19,3336.840183642341
2027-09-20,3338.587112821808
2027-09-21,3340.3349565675685
2027-09-22,3342.0837153584234
2027-09-23,3343.8333896734243
2027-09-24,3345.5839799918735
2027-09-25,3347.335486793325
2027-09-26,3349.0879105575827
2027-09-27,3350.8412517647025
2027-09-28,3352.5955108949915
2027-09-29,3354.350688429008
2027-09-30,3356.1067848475623
2027-10-01,3357.863800631716
2027-10-02,3359.6217362627826
2027-10-03,3361.380592222328
2027-10-04,3363.1403689921694
2027-10-05,3364.901067054377
2027-10-06,3366.6626868912736
2027-10-07,3368.4252289854335
2027-10-08,3370.188693819684
2027-10-09,3371.953081877106
2027-10-10,3373.718393641032
2027-10-11,3375.484629595049
2027-10-12,3377.251790222995
2027-10-13,3379.0198760089643
2027-10-14,3380.7888874373016
2027-10-15,3382.5588249926077
2027-10-16,3384.329689159735
2027-10-17,3386.1014804237916
2027-10-18,3387.874199270138
2027-10-19,3389.64784618439
2027-10-20,3391.4224216524167
2027-10-21,3393.197926160342
2027-10-22,3394.9743601945447
2027-10-23,3396.7517242416575
2027-10-24,3398.5300187885678
2027-10-25,3400.3092443224186
2027-10-26,3402.0894013306083
2027-10-27,3403.870490300789
2027-10-28,3405.6525117208685
2027-10-29,3407.435466079011
2027-10-30,3409.2193538636357
2027-10-31,3411.0041755634174
2027-11-01,3412.789931667287
2027-11-02,3414.5766226644305
2027-11-03,3416.3642490442912
2027-11-04,3418.1528112965684
2027-11-05,3419.942309911217
2027-11-06,3421.7327453784487
2027-11-07,3423.5241181887327
2027-11-08,3425.316428832794
2027-11-09,3427.109677801615
2027-11-10,3428.903865586434
2027-11-11,3430.6989926787487
2027-11-12,3432.4950595703126
2027-11-13,3434.292066753136
2027-11-14,3436.090014719489
2027-11-15,3437.8889039618966
2027-11-16,3439.6887349731446
2027-11-17,3441.4895082462745
2027-11-18,3443.291224274587
2027-11-19,3445.093883551641
2027-11-20,3446.8974865712526
2027-11-21,3448.702033827499
2027-11-22,3450.507525814713
2027-11-23,3452.3139630274886
2027-11-24,3454.1213459606774
2027-11-25,3455.929675109391
2027-11-26,3457.7389509689992
2027-11-27,3459.549174035132
2027-11-28,3461.3603448036783
2027-11-29,3463.1724637707866
2027-11-30,3464.9855314328656
2027-12-01,3466.799548286584
2027-12-02,3468.6145148288697
2027-12-03,3470.4304315569116
2027-12-04,3472.247298968158
2027-12-05,3474.0651175603184
2027-12-06,3475.8838878313627
2027-12-07,3477.7036102795214
2027-12-08,3479.5242854032863
2027-12-09,3481.345913701409
2027-12-10,3483.1684956729027
2027-12-11,3484.992031817043
2027-12-12,3486.816522633366
2027-12-13,3488.641968621668
2027-12-14,3490.46837028201
2027-12-15,3492.2957281147114
2027-12-16,3494.1240426203562
2027-12-17,3495.9533142997893
2027-12-18,3497.7835436541177
2027-12-19,3499.614731184711
2027-12-20,3501.446877393202
2027-12-21,3503.2799827814843
2027-12-22,3505.1140478517164
2027-12-23,3506.9490731063174
2027-12-24,3508.785059047972
2027-12-25,3510.6220061796257
2027-12-26,3512.4599150044887
2027-12-27,3514.298786026035
2027-12-28,3516.1386197480006
2027-12-29,3517.979416674386
2027-12-30,3519.8211773094563
2027-12-31,3521.66390215774
2028-01-01,3523.5075917240288
2028-01-02,3525.3522465133806
2028-01-03,3527.197867031116
2028-01-04,3529.0444537828207
2028-01-05,3530.892007274346
2028-01-06,3532.7405280118064
2028-01-07,3534.590016501583
2028-01-08,3536.4404732503203
2028-01-09,3538.29189876493
2028-01-10,3540.1442935525874
2028-01-11,3541.997658120734
2028-01-12,3543.8519929770773
2028-01-13,3545.7072986295907
2028-01-14,3547.5635755865123
2028-01-15,3549.4208243563476
2028-01-16,3551.2790454478677
2028-01-17,3553.1382393701106
2028-01-18,3554.9984066323796
2028-01-19,3556.8595477442464
2028-01-20,3558.721663215548
2028-01-21,3560.5847535563885
2028-01-22,3562.4488192771396
2028-01-23,3564.3138608884406
2028-01-24,3566.1798789011964
2028-01-25,3568.0468738265818
2028-01-26,3569.9148461760365
2028-01-27,3571.7837964612704
2028-01-28,3573.6537251942596
2028-01-29,3575.524632887249
2028-01-30,3577.396520052752
2028-01-31,3579.2693872035493
2028-02-01,3581.143234852691
2028-02-02,3583.018063513495
2028-02-03,3584.8938736995487
2028-02-04,3586.770665924708
2028-02-05,3588.6484407030975
2028-02-06,3590.5271985491117
2028-02-07,3592.406939977414
2028-02-08,3594.2876655029368
2028-02-09,3596.1693756408827
2028-02-10,3598.052070906724
2028-02-11,3599.9357518162033
2028-02-12,3601.8204188853315
2028-02-13,3603.706072630391
2028-02-14,3605.592713567935
2028-02-15,3607.4803422147857
2028-02-16,3609.3689590880367
2028-02-17,3611.2585647050523
2028-02-18,3613.1491595834673
2028-02-19,3615.040744241188
2028-02-20,3616.9333191963915
2028-02-21,3618.8268849675255
2028-02-22,3620.721442073311
2028-02-23,3622.616991032739
2028-02-24,3624.5135323650725
2028-02-25,3626.411066589846
2028-02-26,3628.3095942268674
2028-02-27,3630.2091157962154
2028-02-28,3632.1096318182413
2028-02-29,3634.0111428135688
2028-03-01,3635.9136493030946
2028-03-02,3637.8171518079876
2028-03-03,3639.7216508496895
2028-03-04,3641.627146949915
2028-03-05,3643.5336406306533
2028-03-06,3645.4411324141643
2028-03-07,3647.3496228229833
2028-03-08,3649.259112379919
2028-03-09,3651.1696016080527
2028-03-10,3653.081091030741
2028-03-11,3654.9935811716127
2028-03-12,3656.9070725545726
2028-03-13,3658.8215657037986
2028-03-14,3660.737061143743
2028-03-15,3662.6535593991343
2028-03-16,3664.571060994973
2028-03-17,3666.4895664565365
2028-03-18,3668.409076309377
2028-03-19,3670.329591079321
2028-03-20,3672.2511112924703
2028-03-21,3674.173637475203
2028-03-22,3676.0971701541725
2028-03-23,3678.021709856307
2028-03-24,3679.9472571088127
2028-03-25,3681.873812439169
2028-03-26,3683.8013763751333
2028-03-27,3685.729949444739
2028-03-28,3687.6595321762957
2028-03-29,3689.5901250983898
2028-03-30,3691.521728739884
2028-03-31,3693.4543436299186
2028-04-01,3695.38797029791
2028-04-02,3697.3226092735526
2028-04-03,3699.258261086818
2028-04-04,3701.1949262679545
2028-04-05,3703.1326053474886
2028-04-06,3705.071298856225
2028-04-07,3707.0110073252454
2028-04-08,3708.95173128591
2028-04-09,3710.8934712698565
2028-04-10,3712.836227809002
2028-04-11,3714.7800014355416
2028-04-12,3716.7247926819496
2028-04-13,3718.6706020809775
2028-04-14,3720.6174301656565
2028-04-15,3722.565277469298
2028-04-16,3724.5141445254912
2028-04-17,3726.4640318681054
2028-04-18,3728.4149400312886
2028-04-19,3730.366869549469
2028-04-20,3732.3198209573543
2028-04-21,3734.2737947899327
2028-04-22,3736.2287915824722
2028-04-23,3738.184811870521
2028-04-24,3740.1418561899077
2028-04-25,3742.0999250767404
2028-04-26,3744.05901906741
2028-04-27,3746.0191386985866
2028-04-28,3747.9802845072213
2028-04-29,3749.9424570305473
2028-04-30,3751.9056568060782
2028-05-01,3753.8698843716097
2028-05-02,3755.835140265218
2028-05-03,3757.8014250252613
2028-05-04,3759.768739190381
2028-05-05,3761.737083299499
2028-05-06,3763.7064578918194
2028-05-07,3765.6768635068292
2028-05-08,3767.648300684298
2028-05-09,3769.6207699642773
2028-05-10,3771.594271887102
2028-05-11,3773.568806993389
2028-05-12,3775.5443758240385
2028-05-13,3777.520978920235
2028-05-14,3779.498616823445
2028-05-15,3781.4772900754188
2028-05-16,3783.4569992181905
2028-05-17,3785.4377447940783
2028-05-18,3787.419527345683
2028-05-19,3789.4023474158917
2028-05-20,3791.386205547873
2028-05-21,3793.3711022850825
2028-05-22,3795.3570381712584
2028-05-23,3797.3440137504244
2028-05-24,3799.332029566889
2028-05-25,3801.3210861652456
2028-05-26,3803.311184090372
2028-05-27,3805.3023238874325
2028-05-28,3807.2945061018763
2028-05-29,3809.2877312794376
2028-05-30,3811.281999966137
2028-05-31,3813.2773127082805
2028-06-01,3815.2736700524606
2028-06-02,3817.271072545556
2028-06-03,3819.2695207347306
2028-06-04,3821.269015167436
2028-06-05,3823.2695563914103
2028-06-06,3825.2711449546773
2028-06-07,3827.2737814055486
2028-06-08,3829.277466292623
2028-06-09,3831.282200164786
2028-06-10,3833.287983571211
2028-06-11,3835.2948170613577
2028-06-12,3837.302701184975
2028-06-13,3839.3116364920984
2028-06-14,3841.3216235330524
2028-06-15,3843.332662858449
2028-06-16,3845.344755019188
2028-06-17,3847.357900566459
2028-06-18,3849.372100051739
2028-06-19,3851.387354026793
2028-06-20,3853.4036630436776
2028-06-21,3855.4210276547356
2028-06-22,3857.4394484126005
2028-06-23,3859.4589258701944
2028-06-24,3861.4794605807297
2028-06-25,3863.501053097707
2028-06-26,3865.5237039749186
2028-06-27,3867.547413766445
2028-06-28,3869.5721830266575
2028-06-29,3871.5980123102177
2028-06-30,3873.624902172078
2028-07-01,3875.65285316748
2028-07-02,3877.681865851957
2028-07-03,3879.711940781333
2028-07-04,3881.743078511723
2028-07-05,3883.7752795995334
2028-07-06,3885.808544601461
2028-07-07,3887.842874074495
2028-07-08,3889.878268575915
2028-07-09,3891.914728663294
2028-07-10,3893.952254894496
2028-07-11,3895.9908478276766
2028-07-12,3898.0305080212847
2028-07-13,3900.071236034061
2028-07-14,3902.113032425038
2028-07-15,3904.155897753542
2028-07-16,3906.199832579192
2028-07-17,3908.244837461899
2028-07-18,3910.2909129618683
2028-07-19,3912.338059639598
2028-07-20,3914.3862780558793
2028-07-21,3916.435568771798
2028-07-22,3918.485932348732
2028-07-23,3920.5373693483543
2028-07-24,3922.5898803326327
2028-07-25,3924.643465863827
2028-07-26,3926.698126504493
2028-07-27,3928.7538628174802
2028-07-28,3930.810675365934
2028-07-29,3932.868564713293
2028-07-30,3934.9275314232923
2028-07-31,3936.9875760599607
2028-08-01,3939.048699187623
2028-08-02,3941.1109013708997
2028-08-03,3943.1741831747067
2028-08-04,3945.238545164255
2028-08-05,3947.3039879050525
2028-08-06,3949.370511962903
2028-08-07,3951.4381179039055
2028-08-08,3953.5068062944565
2028-08-09,3955.5765777012484
2028-08-10,3957.6474326912708
2028-08-11,3959.71937183181
2028-08-12,3961.7923956904483
2028-08-13,3963.8665048350667
2028-08-14,3965.9416998338424
2028-08-15,3968.0179812552506
2028-08-16,3970.095349668064
2028-08-17,3972.173805641353
2028-08-18,3974.2533497444856
2028-08-19,3976.333982547129
2028-08-20,3978.4157046192468
2028-08-21,3980.4985165311027
2028-08-22,3982.582418853258
2028-08-23,3984.6674121565734
2028-08-24,3986.7534970122074
2028-08-25,3988.840673991619
2028-08-26,3990.928943666565
2028-08-27,3993.0183066091017
2028-08-28,3995.1087633915863
2028-08-29,3997.200314586674
2028-08-30,3999.2929607673204
2028-08-31,4001.386702506781
2028-09-01,4003.481540378612
2028-09-02,4005.5774749566685
2028-09-03,4007.674506815108
2028-09-04,4009.7726365283866
2028-09-05,4011.871864671262
2028-09-06,4013.9721918187934
2028-09-07,4016.07361854634
2028-09-08,4018.176145429563
2028-09-09,4020.2797730444245
2028-09-10,4022.3845019671885
2028-09-11,4024.49033277442
2028-09-12,4026.597266042987
2028-09-13,4028.7053023500584
2028-09-14,4030.814442273106
2028-09-15,4032.9246863899034
2028-09-16,4035.036035278527
2028-09-17,4037.1484895173558
2028-09-18,4039.2620496850714
2028-09-19,4041.3767163606585
2028-09-20,4043.4924901234053
2028-09-21,4045.6093715529028
2028-09-22,4047.727361229045
2028-09-23,4049.846459732031
2028-09-24,4051.9666676423612
2028-09-25,4054.0879855408425
2028-09-26,4056.210414008585
2028-09-27,4058.333953627002
2028-09-28,4060.458604977812
2028-09-29,4062.584368643038
2028-09-30,4064.7112452050083
2028-10-01,4066.839235246355
2028-10-02,4068.9683393500163
2028-10-03,4071.098558099234
2028-10-04,4073.229892077557
2028-10-05,4075.3623418688385
2028-10-06,4077.495908057238
2028-10-07,4079.6305912272205
2028-10-08,4081.7663919635575
2028-10-09,4083.9033108513254
2028-10-10,4086.0413484759088
2028-10-11,4088.180505422997
2028-10-12,4090.320782278587
2028-10-13,4092.462179628982
2028-10-14,4094.6046980607925
2028-10-15,4096.748338160935
2028-10-16,4098.893100516637
2028-10-17,4101.038985715428
2028-10-18,4103.185994345148
2028-10-19,4105.3341269939465
2028-10-20,4107.483384250277
2028-10-21,4109.633766702903
2028-10-22,4111.785274940897
2028-10-23,4113.93790955364
2028-10-24,4116.091671130818
2028-10-25,4118.246560262431
2028-10-26,4120.4025775387845
2028-10-27,4122.559723550493
2028-10-28,4124.717998888482
2028-10-29,4126.877404143986
2028-10-30,4129.037939908546
2028-10-31,4131.199606774017
2028-11-01,4133.362405332562
2028-11-02,4135.526336176654
2028-11-03,4137.691399899075
2028-11-04,4139.85759709292
2028-11-05,4142.024928351591
2028-11-06,4144.193394268806
2028-11-07,4146.362995438587
2028-11-08,4148.533732455272
2028-11-09,4150.705605913508
2028-11-10,4152.878616408255
2028-11-11,4155.052764534783
2028-11-12,4157.228050888673
2028-11-13,4159.404476065821
2028-11-14,4161.582040662431
2028-11-15,4163.760745275022
2028-11-16,4165.940590500423
2028-11-17,4168.121576935779
2028-11-18,4170.303705178542
2028-11-19,4172.486975826483
2028-11-20,4174.671389477682
2028-11-21,4176.856946730533
2028-11-22,4179.043648183744
2028-11-23,4181.231494436336
2028-11-24,4183.4204860876425
2028-11-25,4185.610623737313
2028-11-26,4187.801907985308
2028-11-27,4189.994339431906
2028-11-28,4192.187918677696
2028-11-29,4194.382646323583
2028-11-30,4196.578522970787
2028-12-01,4198.7755492208435
2028-12-02,4200.9737256756
2028-12-03,4203.173052937221
2028-12-04,4205.373531608186
2028-12-05,4207.575162291291
2028-12-06,4209.777945589646
2028-12-07,4211.981882106678
2028-12-08,4214.1869724461285
2028-12-09,4216.393217212055
2028-12-10,4218.600617008834
2028-12-11,4220.809172441155
2028-12-12,4223.018884114026
2028-12-13,4225.229752632772
2028-12-14,4227.441778603033
2028-12-15,4229.654962630767
2028-12-16,4231.8693053222505
2028-12-17,4234.084807284076
2028-12-18,4236.301469123155
2028-12-19,4238.519291446713
2028-12-20,4240.7382748622995
2028-12-21,4242.958419977776
2028-12-22,4245.179727401326
2028-12-23,4247.40219774145
2028-12-24,4249.625831606968
2028-12-25,4251.850629607017
2028-12-26,4254.076592351055
2028-12-27,4256.303720448857
2028-12-28,4258.53201451052
2028-12-29,4260.761475146457
2028-12-30,4262.992102967403
2028-12-31,4265.2238985844115
2029-01-01,4267.456862608858
2029-01-02,4269.690995652433
2029-01-03,4271.926298327155
2029-01-04,4274.1627712453555
2029-01-05,4276.4004150196915
2029-01-06,4278.6392302631375
2029-01-07,4280.879217588992
2029-01-08,4283.120377610871
2029-01-09,4285.362710942716
2029-01-10,4287.606218198785
2029-01-11,4289.850899993662
2029-01-12,4292.096756942251
2029-01-13,4294.343789659777
2029-01-14,4296.591998761787
2029-01-15,4298.841384864154
2029-01-16,4301.091948583067
2029-01-17,4303.3436905350445
2029-01-18,4305.596611336923
2029-01-19,4307.850711605864
2029-01-20,4310.10599195935
2029-01-21,4312.362453015189
2029-01-22,4314.620095391513
2029-01-23,4316.878919706775
2029-01-24,4319.138926579753
2029-01-25,4321.40011662955
2029-01-26,4323.662490475592
2029-01-27,4325.926048737629
2029-01-28,4328.190792035735
2029-01-29,4330.456720990312
2029-01-30,4332.723836222081
2029-01-31,4334.992138352094
2029-02-01,4337.261628001725
2029-02-02,4339.532305792673
2029-02-03,4341.804172346963
2029-02-04,4344.0772282869475
2029-02-05,4346.351474235301
2029-02-06,4348.626910815027
2029-02-07,4350.903538649456
2029-02-08,4353.181358362241
2029-02-09,4355.460370577364
2029-02-10,4357.740575919134
2029-02-11,4360.021975012186
2029-02-12,4362.304568481482
2029-02-13,4364.588356952312
2029-02-14,4366.873341050292
2029-02-15,4369.159521401366
2029-02-16,4371.446898631806
2029-02-17,4373.735473368213
2029-02-18,4376.025246237514
2029-02-19,4378.316217866965
2029-02-20,4380.608388884151
2029-02-21,4382.901759916985
2029-02-22,4385.196331593707
2029-02-23,4387.49210454289
2029-02-24,4389.789079393433
2029-02-25,4392.0872567745655
2029-02-26,4394.386637315844
2029-02-27,4396.687221647158
2029-02-28,4398.989010398725
2029-03-01,4401.292004201094
2029-03-02,4403.596203685141
2029-03-03,4405.901609482074
2029-03-04,4408.208222223431
2029-03-05,4410.516042541084
2029-03-06,4412.825071067231
2029-03-07,4415.135308434403
2029-03-08,4417.446755275462
2029-03-09,4419.759412223601
2029-03-10,4422.073279912347
2029-03-11,4424.388358975555
2029-03-12,4426.704650047413
2029-03-13,4429.022153762443
2029-03-14,4431.340870755496
2029-03-15,4433.660801661757
2029-03-16,4435.981947116746
2029-03-17,4438.30430775631
2029-03-18,4440.627884216634
2029-03-19,4442.952677134233
2029-03-20,4445.278687145958
2029-03-21,4447.605914888991
2029-03-22,4449.934361000848
2029-03-23,4452.264026119379
2029-03-24,4454.594910882769
2029-03-25,4456.9270159295365
2029-03-26,4459.260341898533
2029-03-27,4461.594889428945
2029-03-28,4463.930659160295
2029-03-29,4466.26765173244
2029-03-30,4468.605867785569
2029-03-31,4470.945307960212
2029-04-01,4473.285972897227
2029-04-02,4475.627863237814
2029-04-03,4477.970979623506
2029-04-04,4480.31532269617
2029-04-05,4482.660893098014
2029-04-06,4485.0076914715755
2029-04-07,4487.355718459735
2029-04-08,4489.704974705705
2029-04-09,4492.055460853037
2029-04-10,4494.407177545619
2029-04-11,4496.760125427675
2029-04-12,4499.1143051437675
2029-04-13,4501.469717338797
2029-04-14,4503.826362657998
2029-04-15,4506.18424174695
2029-04-16,4508.5433552515615
2029-04-17,4510.903703818086
2029-04-18,4513.265288093112
2029-04-19,4515.628108723568
2029-04-20,4517.992166356722
2029-04-21,4520.357461640177
2029-04-22,4522.723995221878
2029-04-23,4525.09176775011
2029-04-24,4527.460779873496
2029-04-25,4529.831032240998
2029-04-26,4532.202525501919
2029-04-27,4534.575260305901
2029-04-28,4536.949237302926
2029-04-29,4539.324457143319
2029-04-30,4541.7009204777405
2029-05-01,4544.078627957197
2029-05-02,4546.457580233031
2029-05-03,4548.83777795693
2029-05-04,4551.219221780919
2029-05-05,4553.601912357368
2029-05-06,4555.985850338986
2029-05-07,4558.371036378825
2029-05-08,4560.757471130278
2029-05-09,4563.14515524708
2029-05-10,4565.534089383309
2029-05-11,4567.924274193386
2029-05-12,4570.315710332073
2029-05-13,4572.708398454475
2029-05-14,4575.102339216041
2029-05-15,4577.4975332725635
2029-05-16,4579.893981280177
2029-05-17,4582.291683895359
2029-05-18,4584.690641774932
2029-05-19,4587.090855576063
2029-05-20,4589.492325956262
2029-05-21,4591.895053573382
2029-05-22,4594.299039085622
2029-05-23,4596.704283151526
2029-05-24,4599.110786429982
2029-05-25,4601.518549580223
2029-05-26,4603.927573261827
2029-05-27,4606.337858134717
2029-05-28,4608.749404859162
2029-05-29,4611.162214095777
2029-05-30,4613.576286505522
2029-05-31,4615.991622749704
2029-06-01,4618.408223489975
2029-06-02,4620.826089388335
2029-06-03,4623.245221107129
2029-06-04,4625.665619309049
2029-06-05,4628.087284657136
2029-06-06,4630.5102178147745
2029-06-07,4632.9344194457
2029-06-08,4635.359890213992
2029-06-09,4637.78663078408
2029-06-10,4640.214641820741
2029-06-11,4642.643923989101
2029-06-12,4645.074477954631
2029-06-13,4647.506304383153
2029-06-14,4649.939403940838
2029-06-15,4652.373777294204
2029-06-16,4654.809425110117
2029-06-17,4657.246348055797
2029-06-18,4659.684546798808
2029-06-19,4662.124022007067
2029-06-20,4664.564774348837
2029-06-21,4667.006804492735
2029-06-22,4669.450113107725
2029-06-23,4671.894700863124
2029-06-24,4674.340568428596
2029-06-25,4676.7877164741585
2029-06-26,4679.236145670178
2029-06-27,4681.685856687373
2029-06-28,4684.136850196814
2029-06-29,4686.589126869919
2029-06-30,4689.042687378461
2029-07-01,4691.497532394565
2029-07-02,4693.953662590705
2029-07-03,4696.41107863971
2029-07-04,4698.869781214758
2029-07-05,4701.329770989384
2029-07-06,4703.791048637472
2029-07-07,4706.253614833258
2029-07-08,4708.717470251336
2029-07-09,4711.182615566648
2029-07-10,4713.64905145449
2029-07-11,4716.116778590515
2029-07-12,4718.585797650727
2029-07-13,4721.056109311485
2029-07-14,4723.5277142495
2029-07-15,4726.0006131418395
2029-07-16,4728.474806665925
2029-07-17,4730.950295499533
2029-07-18,4733.427080320793
2029-07-19,4735.905161808192
2029-07-20,4738.38454064057
2029-07-21,4740.865217497124
2029-07-22,4743.347193057406
2029-07-23,4745.830468001323
2029-07-24,4748.31504300914
2029-07-25,4750.800918761475
2029-07-26,4753.288095939306
2029-07-27,4755.776575223965
2029-07-28,4758.26635729714
2029-07-29,4760.757442840879
2029-07-30,4763.249832537585
2029-07-31,4765.743527070018
2029-08-01,4768.238527121296
2029-08-02,4770.734833374895
2029-08-03,4773.232446514649
2029-08-04,4775.731367224748
2029-08-05,4778.231596189743
2029-08-06,4780.733134094541
2029-08-07,4783.23598162441
2029-08-08,4785.740139464974
2029-08-09,4788.245608302218
2029-08-10,4790.752388822484
2029-08-11,4793.2604817124775
2029-08-12,4795.7698876592585
2029-08-13,4798.28060735025
2029-08-14,4800.792641473233
2029-08-15,4803.305990716351
2029-08-16,4805.820655768103
2029-08-17,4808.336637317356
2029-08-18,4810.85393605333
2029-08-19,4813.37255266561
2029-08-20,4815.892487844141
2029-08-21,4818.41374227923
2029-08-22,4820.936316661545
2029-08-23,4823.460211682113
2029-08-24,4825.985428032328
2029-08-25,4828.511966403941
2029-08-26,4831.039827489068
2029-08-27,4833.569011980187
2029-08-28,4836.099520570136
2029-08-29,4838.63135395212
2029-08-30,4841.164512819703
2029-08-31,4843.698997866816
2029-09-01,4846.234809787749
2029-09-02,4848.7719492771585
2029-09-03,4851.310417030064
2029-09-04,4853.850213741847
2029-09-05,4856.391340108257
2029-09-06,4858.933796825404
2029-09-07,4861.477584589764
2029-09-08,4864.022704098176
2029-09-09,4866.569156047849
2029-09-10,4869.11694113635
2029-09-11,4871.666060061615
2029-09-12,4874.216513521946
2029-09-13,4876.768302216008
2029-09-14,4879.321426842835
2029-09-15,4881.875888101823
2029-09-16,4884.431686692738
2029-09-17,4886.988823315711
2029-09-18,4889.5472986712375
2029-09-19,4892.1071134601825
2029-09-20,4894.668268383776
2029-09-21,4897.230764143617
2029-09-22,4899.794601441671
2029-09-23,4902.35978098027
2029-09-24,4904.926303462114
2029-09-25,4907.4941695902735
2029-09-26,4910.063380068183
2029-09-27,4912.633935599647
2029-09-28,4915.205836888839
2029-09-29,4917.779084640302
2029-09-30,4920.353679558945
2029-10-01,4922.92962235005
2029-10-02,4925.506913719263
2029-10-03,4928.085554372605
2029-10-04,4930.665545016462
2029-10-05,4933.246886357592
2029-10-06,4935.829579103125
2029-10-07,4938.413623960557
2029-10-08,4940.9990216377555
2029-10-09,4943.585772842962
2029-10-10,4946.173878284785
2029-10-11,4948.7633386722055
2029-10-12,4951.354154714575
2029-10-13,4953.946327121616
2029-10-14,4956.539856603426
2029-10-15,4959.13474387047
2029-10-16,4961.7309896335855
2029-10-17,4964.328594603985
2029-10-18,4966.927559493251
2029-10-19,4969.527885013337
2029-10-20,4972.129571876575
2029-10-21,4974.732620795664
2029-10-22,4977.337032483679
2029-10-23,4979.942807654066
2029-10-24,4982.549947020649
2029-10-25,4985.158451297621
2029-10-26,4987.768321199551
2029-10-27,4990.379557441382
2029-10-28,4992.992160738431
2029-10-29,4995.60613180639
2029-10-30,4998.221471361326
2029-10-31,5000.838180119678
2029-11-01,5003.456258798265
2029-11-02,5006.0757081142765
2029-11-03,5008.696528785281
2029-11-04,5011.318721529219
2029-11-05,5013.942287064412
2029-11-06,5016.567226109552
2029-11-07,5019.193539383712
2029-11-08,5021.821227606338
2029-11-09,5024.4502914972545
2029-11-10,5027.080731776662
2029-11-11,5029.712549165139
2029-11-12,5032.34574438364
2029-11-13,5034.980318153497
2029-11-14,5037.616271196422
2029-11-15,5040.253604234501
2029-11-16,5042.892317990202
2029-11-17,5045.532413186368
2029-11-18,5048.173890546222
2029-11-19,5050.816750793365
2029-11-20,5053.4609946517785
2029-11-21,5056.10662284582
2029-11-22,5058.753636100229
2029-11-23,5061.402035140124
2029-11-24,5064.051820691
2029-11-25,5066.702993478737
2029-11-26,5069.355554229591
2029-11-27,5072.0095036702
2029-11-28,5074.664842527581
2029-11-29,5077.321571529133
2029-11-30,5079.979691402636
2029-12-01,5082.639202876248
2029-12-02,5085.300106678515
2029-12-03,5087.962403538357
2029-12-04,5090.626094185078
2029-12-05,5093.291179348366
2029-12-06,5095.957659758289
2029-12-07,5098.625536145298
2029-12-08,5101.294809240225
2029-12-09,5103.965479774286
2029-12-10,5106.637548479081
2029-12-11,5109.311016086589
2029-12-12,5111.985883329176
2029-12-13,5114.662150939591
2029-12-14,5117.339819650964
2029-12-15,5120.018890196812
2029-12-16,5122.699363311034
2029-12-17,5125.381239727913
2029-12-18,5128.064520182118
2029-12-19,5130.749205408702
2029-12-20,5133.435296143102
2029-12-21,5136.1227931211415
2029-12-22,5138.811697079028
2029-12-23,5141.502008753354
2029-12-24,5144.1937288811
2029-12-25,5146.886858199629
2029-12-26,5149.581397446694
2029-12-27,5152.277347360429
2029-12-28,5154.97470867936
2029-12-29,5157.673482142396
2029-12-30,5160.3736684888345
2029-12-31,5163.0752684583595
